[01:35:45] [ServerMain/INFO]: [bootstrap] Running Java 21 (OpenJDK 64-Bit Server VM 21.0.8+9-Ubuntu-0ubuntu124.04.1; Ubuntu null) on Linux 6.8.0-1030-azure (amd64)
[01:35:45] [ServerMain/INFO]: [bootstrap] Loading Paper 1.21.4-232-ver/1.21.4@12d8fe0 (2025-06-09T10:15:42Z) for Minecraft 1.21.4
[01:35:45] [ServerMain/INFO]: [PluginInitializerManager] Initializing plugins...
[01:35:47] [ServerMain/INFO]: [PluginInitializerManager] Initialized 55 plugins
[01:35:47] [ServerMain/INFO]: [PluginInitializerManager] Paper plugins (9):
 - CrazyCrates (4.9.8), EconomyShopGUI (6.14.4), EnchantedBook (0.6.2), FancyHolograms (2.7.0), FancyNpcs (2.7.1), SuperEnchants (3.2.0.1), Veinminer (2.4.9), Veinminer-Enchantment (2.2.2), nightcore (2.7.12.4)
[01:35:47] [ServerMain/INFO]: [PluginInitializerManager] Bukkit plugins (46):
 - AdvancedBanX (3.1.0), AuraSkills (2.3.6), AxMines (1.5.1), CommandAPI (10.1.2), CommandPanels (3.22.5), CrazyEnchantments (2.5.2), CustomJoinMessages (17.9.1), CustomNukes (0.4.0), DoubleJump (2.9.1), EnchantHandler (1.0), EnchantLimitRemover (2.1), Essentials (2.21.2-dev+31-9ef4fc3), EssentialsChat (2.21.2-dev+31-9ef4fc3), EssentialsSpawn (2.21.2-dev+31-9ef4fc3), FastAsyncWorldEdit (2.13.1-SNAPSHOT-1129;f295594), FokusAPI (2.8), Geyser-Spigot (2.8.3-SNAPSHOT), InventoryRollbackPlus (1.7.6), LuckPerms (5.5.9), Multiverse-Core (5.2.0), Multiverse-Inventories (5.1.1), Multiverse-NetherPortals (5.0.3), Multiverse-Portals (5.1.0), Multiverse-SignPortals (5.0.1), MyCommand (5.7.4), NDailyRewards (3.3.0), NexEngine (2.2.12), PlaceholderAPI (2.11.6), PlayerKits2 (1.18.2), ProtectionStones (2.10.5), RealMines (1.8.3), SkinsRestorer (15.9.0), Skript (2.12.2), SternalBoard (2.3.2), TAB (5.2.4), Tebex (2.2.1), UberEnchant (8.11.7), Vault (1.7.3-b131), ViaBackwards (5.4.1), ViaVersion (5.4.2), WarpsElite (1.0.0), WorldGuard (7.0.13+82fdc65), ZNPCsPlus (2.0.0), craftableinvframes (${version}), floodgate (2.2.4-SNAPSHOT (b118-40d320a)), zMenu (1.1.0.2)
[01:35:52] [ServerMain/INFO]: Environment: Environment[sessionHost=https://sessionserver.mojang.com, servicesHost=https://api.minecraftservices.com, name=PROD]
[01:35:53] [ServerMain/INFO]: [SuperEnchants] Custom enchantment 'Blindness' registered successfully.
[01:35:53] [ServerMain/INFO]: [SuperEnchants] Custom enchantment 'HealthSteal' registered successfully.
[01:35:53] [ServerMain/INFO]: [SuperEnchants] Custom enchantment 'Bleed' registered successfully.
[01:35:53] [ServerMain/INFO]: [SuperEnchants] Custom enchantment 'Lightning' registered successfully.
[01:35:53] [ServerMain/INFO]: [SuperEnchants] Custom enchantment 'Teleport' registered successfully.
[01:35:53] [ServerMain/INFO]: [SuperEnchants] Custom enchantment 'Jetpack' registered successfully.
[01:35:53] [ServerMain/INFO]: [SuperEnchants] Custom enchantment 'Explosive' registered successfully.
[01:35:53] [ServerMain/INFO]: [SuperEnchants] Custom enchantment 'Excavator' registered successfully.
[01:35:53] [ServerMain/INFO]: [SuperEnchants] Custom enchantment 'Autosmelt' registered successfully.
[01:35:53] [ServerMain/INFO]: [SuperEnchants] Custom enchantment 'Freeze' registered successfully.
[01:35:53] [ServerMain/INFO]: [SuperEnchants] Custom enchantment 'Confusion' registered successfully.
[01:35:53] [ServerMain/INFO]: [SuperEnchants] Custom enchantment 'Multishoot' registered successfully.
[01:35:53] [ServerMain/INFO]: [SuperEnchants] Custom enchantment 'Dash' registered successfully.
[01:35:53] [ServerMain/INFO]: [SuperEnchants] Custom enchantment 'Bloodlust' registered successfully.
[01:35:53] [ServerMain/INFO]: [SuperEnchants] Custom enchantment 'Shockwave' registered successfully.
[01:35:53] [ServerMain/INFO]: [SuperEnchants] Custom enchantment 'Veinminer' registered successfully.
[01:35:53] [ServerMain/INFO]: [SuperEnchants] Custom enchantment 'XPBoost' registered successfully.
[01:35:53] [ServerMain/INFO]: [SuperEnchants] Custom enchantment 'Enlightened' registered successfully.
[01:35:53] [ServerMain/INFO]: [SuperEnchants] Custom enchantment 'Enderaura' registered successfully.
[01:35:53] [ServerMain/INFO]: [SuperEnchants] Custom enchantment 'Frostbite' registered successfully.
[01:35:53] [ServerMain/INFO]: [SuperEnchants] Custom enchantment 'Leap' registered successfully.
[01:35:53] [ServerMain/INFO]: [SuperEnchants] Custom enchantment 'Speed' registered successfully.
[01:35:53] [ServerMain/INFO]: [SuperEnchants] Custom enchantment 'Magnet' registered successfully.
[01:35:53] [ServerMain/INFO]: [SuperEnchants] Custom enchantment 'Growth' registered successfully.
[01:35:53] [ServerMain/INFO]: [SuperEnchants] Custom enchantment 'Detonate' registered successfully.
[01:35:53] [ServerMain/INFO]: [SuperEnchants] Custom enchantment 'Backstabber' registered successfully.
[01:35:53] [ServerMain/INFO]: [SuperEnchants] Custom enchantment 'Piercing' registered successfully.
[01:35:53] [ServerMain/INFO]: [SuperEnchants] Custom enchantment 'Deflecting' registered successfully.
[01:35:53] [ServerMain/INFO]: [SuperEnchants] Custom enchantment 'Bait' registered successfully.
[01:35:53] [ServerMain/INFO]: [SuperEnchants] Custom enchantment 'Angler' registered successfully.
[01:35:53] [ServerMain/INFO]: [SuperEnchants] Custom enchantment 'Abiding' registered successfully.
[01:35:53] [ServerMain/INFO]: [SuperEnchants] Custom enchantment 'Disarm' registered successfully.
[01:35:53] [ServerMain/INFO]: [SuperEnchants] Custom enchantment 'Archer' registered successfully.
[01:35:53] [ServerMain/INFO]: [SuperEnchants] Custom enchantment 'Farmer' registered successfully.
[01:35:53] [ServerMain/INFO]: [SuperEnchants] Custom enchantment 'Decapitation' registered successfully.
[01:35:53] [ServerMain/INFO]: [SuperEnchants] Custom enchantment 'Dismantle' registered successfully.
[01:35:53] [ServerMain/INFO]: [SuperEnchants] Custom enchantment 'Famine' registered successfully.
[01:35:53] [ServerMain/INFO]: [SuperEnchants] Custom enchantment 'Spotlight' registered successfully.
[01:35:53] [ServerMain/INFO]: [SuperEnchants] Custom enchantment 'Feast' registered successfully.
[01:35:53] [ServerMain/INFO]: [SuperEnchants] Custom enchantment 'Updraft' registered successfully.
[01:35:53] [ServerMain/INFO]: [SuperEnchants] Custom enchantment 'Lavawalker' registered successfully.
[01:35:53] [ServerMain/INFO]: [SuperEnchants] Custom enchantment 'Doublestrike' registered successfully.
[01:35:53] [ServerMain/INFO]: [SuperEnchants] Custom enchantment 'Timber' registered successfully.
[01:35:53] [ServerMain/INFO]: [SuperEnchants] Custom enchantment 'Missile' registered successfully.
[01:35:53] [ServerMain/INFO]: [SuperEnchants] Custom enchantment 'Critical' registered successfully.
[01:35:53] [ServerMain/INFO]: [SuperEnchants] Custom enchantment 'Inflame' registered successfully.
[01:35:53] [ServerMain/INFO]: [SuperEnchants] Custom enchantment 'Nightowl' registered successfully.
[01:35:53] [ServerMain/INFO]: [SuperEnchants] Custom enchantment 'Headshot' registered successfully.
[01:35:53] [ServerMain/INFO]: [SuperEnchants] Custom enchantment 'Arrowstorm' registered successfully.
[01:35:53] [ServerMain/INFO]: [SuperEnchants] Custom enchantment 'Hook' registered successfully.
[01:35:53] [ServerMain/INFO]: [SuperEnchants] Custom enchantment 'Gravity' registered successfully.
[01:35:53] [ServerMain/INFO]: [SuperEnchants] Custom enchantment 'Adrenaline' registered successfully.
[01:35:53] [ServerMain/INFO]: [SuperEnchants] Custom enchantment 'Resilience' registered successfully.
[01:35:53] [ServerMain/INFO]: [SuperEnchants] Custom enchantment 'Coward' registered successfully.
[01:35:53] [ServerMain/INFO]: [SuperEnchants] Custom enchantment 'Weaken' registered successfully.
[01:35:53] [ServerMain/INFO]: [SuperEnchants] Custom enchantment 'Withering' registered successfully.
[01:35:53] [ServerMain/INFO]: [SuperEnchants] Custom enchantment 'Heavy' registered successfully.
[01:35:53] [ServerMain/INFO]: [SuperEnchants] Custom enchantment 'Lightweight' registered successfully.
[01:35:53] [ServerMain/INFO]: [SuperEnchants] Custom enchantment 'Blastoff' registered successfully.
[01:35:53] [ServerMain/INFO]: [SuperEnchants] Custom enchantment 'Flippers' registered successfully.
[01:35:53] [ServerMain/INFO]: [SuperEnchants] Custom enchantment 'Harvester' registered successfully.
[01:35:53] [ServerMain/INFO]: [SuperEnchants] Custom enchantment 'DragonHunter' registered successfully.
[01:35:53] [ServerMain/INFO]: [SuperEnchants] Custom enchantment 'Ascend' registered successfully.
[01:35:53] [ServerMain/INFO]: [SuperEnchants] Custom enchantment 'HellHunter' registered successfully.
[01:35:53] [ServerMain/INFO]: [SuperEnchants] Custom enchantment 'Cubism' registered successfully.
[01:35:53] [ServerMain/INFO]: [SuperEnchants] Custom enchantment 'Vanish' registered successfully.
[01:35:53] [ServerMain/INFO]: [SuperEnchants] Custom enchantment 'Dodge' registered successfully.
[01:35:53] [ServerMain/INFO]: [SuperEnchants] Custom enchantment 'Predator' registered successfully.
[01:35:53] [ServerMain/INFO]: [SuperEnchants] Custom enchantment 'Slaughter' registered successfully.
[01:35:53] [ServerMain/INFO]: [SuperEnchants] Custom enchantment 'SkullCrusher' registered successfully.
[01:35:53] [ServerMain/INFO]: [SuperEnchants] Custom enchantment 'Ninja' registered successfully.
[01:35:53] [ServerMain/INFO]: [SuperEnchants] Custom enchantment 'Thanos' registered successfully.
[01:35:53] [ServerMain/INFO]: [SuperEnchants] Custom enchantment 'Consume' registered successfully.
[01:35:54] [ServerMain/INFO]: Loaded 1370 recipes
[01:35:54] [ServerMain/ERROR]: Failed to load function dbjump:nxf/_ignored_658q9zhdzb
java.util.concurrent.CompletionException: java.lang.IllegalArgumentException: Whilst parsing command on line 1: Can't parse particle options: No key scale in MapLike[{}]; No key color in MapLike[{}]
	at java.base/java.util.concurrent.CompletableFuture.encodeThrowable(CompletableFuture.java:315) ~[?:?]
	at java.base/java.util.concurrent.CompletableFuture.completeThrowable(CompletableFuture.java:320) ~[?:?]
	at java.base/java.util.concurrent.CompletableFuture$AsyncSupply.run(CompletableFuture.java:1770) ~[?:?]
	at java.base/java.util.concurrent.CompletableFuture$AsyncSupply.exec(CompletableFuture.java:1760) ~[?:?]
	at java.base/java.util.concurrent.ForkJoinTask.doExec(ForkJoinTask.java:387) ~[?:?]
	at java.base/java.util.concurrent.ForkJoinPool$WorkQueue.topLevelExec(ForkJoinPool.java:1312) ~[?:?]
	at java.base/java.util.concurrent.ForkJoinPool.scan(ForkJoinPool.java:1843) ~[?:?]
	at java.base/java.util.concurrent.ForkJoinPool.runWorker(ForkJoinPool.java:1808) ~[?:?]
	at java.base/java.util.concurrent.ForkJoinWorkerThread.run(ForkJoinWorkerThread.java:188) ~[?:?]
Caused by: java.lang.IllegalArgumentException: Whilst parsing command on line 1: Can't parse particle options: No key scale in MapLike[{}]; No key color in MapLike[{}]
	at net.minecraft.commands.functions.CommandFunction.fromLines(CommandFunction.java:86) ~[paper-1.21.4.jar:1.21.4-232-12d8fe0]
	at net.minecraft.server.ServerFunctionLibrary.lambda$reload$3(ServerFunctionLibrary.java:92) ~[paper-1.21.4.jar:1.21.4-232-12d8fe0]
	at java.base/java.util.concurrent.CompletableFuture$AsyncSupply.run(CompletableFuture.java:1768) ~[?:?]
	... 6 more
[01:35:54] [ServerMain/ERROR]: Failed to load function fokus:nxf/s5as4cffa
java.util.concurrent.CompletionException: java.lang.IllegalArgumentException: Whilst parsing command on line 1: Expected whitespace to end one argument, but found trailing data at position 18: ... function <--[HERE]
	at java.base/java.util.concurrent.CompletableFuture.encodeThrowable(CompletableFuture.java:315) ~[?:?]
	at java.base/java.util.concurrent.CompletableFuture.completeThrowable(CompletableFuture.java:320) ~[?:?]
	at java.base/java.util.concurrent.CompletableFuture$AsyncSupply.run(CompletableFuture.java:1770) ~[?:?]
	at java.base/java.util.concurrent.CompletableFuture$AsyncSupply.exec(CompletableFuture.java:1760) ~[?:?]
	at java.base/java.util.concurrent.ForkJoinTask.doExec(ForkJoinTask.java:387) ~[?:?]
	at java.base/java.util.concurrent.ForkJoinPool$WorkQueue.topLevelExec(ForkJoinPool.java:1312) ~[?:?]
	at java.base/java.util.concurrent.ForkJoinPool.scan(ForkJoinPool.java:1843) ~[?:?]
	at java.base/java.util.concurrent.ForkJoinPool.runWorker(ForkJoinPool.java:1808) ~[?:?]
	at java.base/java.util.concurrent.ForkJoinWorkerThread.run(ForkJoinWorkerThread.java:188) ~[?:?]
Caused by: java.lang.IllegalArgumentException: Whilst parsing command on line 1: Expected whitespace to end one argument, but found trailing data at position 18: ... function <--[HERE]
	at net.minecraft.commands.functions.CommandFunction.fromLines(CommandFunction.java:86) ~[paper-1.21.4.jar:1.21.4-232-12d8fe0]
	at net.minecraft.server.ServerFunctionLibrary.lambda$reload$3(ServerFunctionLibrary.java:92) ~[paper-1.21.4.jar:1.21.4-232-12d8fe0]
	at java.base/java.util.concurrent.CompletableFuture$AsyncSupply.run(CompletableFuture.java:1768) ~[?:?]
	... 6 more
[01:35:54] [ServerMain/ERROR]: Failed to load function fokus:nxf/eqwu4g2g91v
java.util.concurrent.CompletionException: java.lang.IllegalArgumentException: Whilst parsing command on line 1: Unknown criterion 'minecraft.custom:minecraft.play_one_minute' at position 33: ...dd fk.ptm <--[HERE]
	at java.base/java.util.concurrent.CompletableFuture.encodeThrowable(CompletableFuture.java:315) ~[?:?]
	at java.base/java.util.concurrent.CompletableFuture.completeThrowable(CompletableFuture.java:320) ~[?:?]
	at java.base/java.util.concurrent.CompletableFuture$AsyncSupply.run(CompletableFuture.java:1770) ~[?:?]
	at java.base/java.util.concurrent.CompletableFuture$AsyncSupply.exec(CompletableFuture.java:1760) ~[?:?]
	at java.base/java.util.concurrent.ForkJoinTask.doExec(ForkJoinTask.java:387) ~[?:?]
	at java.base/java.util.concurrent.ForkJoinPool$WorkQueue.topLevelExec(ForkJoinPool.java:1312) ~[?:?]
	at java.base/java.util.concurrent.ForkJoinPool.scan(ForkJoinPool.java:1843) ~[?:?]
	at java.base/java.util.concurrent.ForkJoinPool.runWorker(ForkJoinPool.java:1808) ~[?:?]
	at java.base/java.util.concurrent.ForkJoinWorkerThread.run(ForkJoinWorkerThread.java:188) ~[?:?]
Caused by: java.lang.IllegalArgumentException: Whilst parsing command on line 1: Unknown criterion 'minecraft.custom:minecraft.play_one_minute' at position 33: ...dd fk.ptm <--[HERE]
	at net.minecraft.commands.functions.CommandFunction.fromLines(CommandFunction.java:86) ~[paper-1.21.4.jar:1.21.4-232-12d8fe0]
	at net.minecraft.server.ServerFunctionLibrary.lambda$reload$3(ServerFunctionLibrary.java:92) ~[paper-1.21.4.jar:1.21.4-232-12d8fe0]
	at java.base/java.util.concurrent.CompletableFuture$AsyncSupply.run(CompletableFuture.java:1768) ~[?:?]
	... 6 more
[01:35:54] [ServerMain/ERROR]: Failed to load function fokus:nxf/_ignored_h4movrgjr2p
java.util.concurrent.CompletionException: java.lang.IllegalArgumentException: Whilst parsing command on line 1: Unknown or incomplete command, see below for error at position 0: <--[HERE]
	at java.base/java.util.concurrent.CompletableFuture.encodeThrowable(CompletableFuture.java:315) ~[?:?]
	at java.base/java.util.concurrent.CompletableFuture.completeThrowable(CompletableFuture.java:320) ~[?:?]
	at java.base/java.util.concurrent.CompletableFuture$AsyncSupply.run(CompletableFuture.java:1770) ~[?:?]
	at java.base/java.util.concurrent.CompletableFuture$AsyncSupply.exec(CompletableFuture.java:1760) ~[?:?]
	at java.base/java.util.concurrent.ForkJoinTask.doExec(ForkJoinTask.java:387) ~[?:?]
	at java.base/java.util.concurrent.ForkJoinPool$WorkQueue.topLevelExec(ForkJoinPool.java:1312) ~[?:?]
	at java.base/java.util.concurrent.ForkJoinPool.scan(ForkJoinPool.java:1843) ~[?:?]
	at java.base/java.util.concurrent.ForkJoinPool.runWorker(ForkJoinPool.java:1808) ~[?:?]
	at java.base/java.util.concurrent.ForkJoinWorkerThread.run(ForkJoinWorkerThread.java:188) ~[?:?]
Caused by: java.lang.IllegalArgumentException: Whilst parsing command on line 1: Unknown or incomplete command, see below for error at position 0: <--[HERE]
	at net.minecraft.commands.functions.CommandFunction.fromLines(CommandFunction.java:86) ~[paper-1.21.4.jar:1.21.4-232-12d8fe0]
	at net.minecraft.server.ServerFunctionLibrary.lambda$reload$3(ServerFunctionLibrary.java:92) ~[paper-1.21.4.jar:1.21.4-232-12d8fe0]
	at java.base/java.util.concurrent.CompletableFuture$AsyncSupply.run(CompletableFuture.java:1768) ~[?:?]
	... 6 more
[01:35:54] [ServerMain/INFO]: Loaded 1481 advancements
[01:35:54] [ServerMain/INFO]: [MCTypeRegistry] Initialising converters for DataConverter...
[01:35:54] [ServerMain/INFO]: [MCTypeRegistry] Finished initialising converters for DataConverter in 200.9ms
[01:35:54] [Server thread/INFO]: Starting minecraft server version 1.21.4
[01:35:54] [Server thread/INFO]: Loading properties
[01:35:55] [Server thread/INFO]: This server is running Paper version 1.21.4-232-ver/1.21.4@12d8fe0 (2025-06-09T10:15:42Z) (Implementing API version 1.21.4-R0.1-SNAPSHOT)
[01:35:55] [Server thread/INFO]: [spark] This server bundles the spark profiler. For more information please visit https://docs.papermc.io/paper/profiling
[01:35:55] [Server thread/INFO]: Server Ping Player Sample Count: 12
[01:35:55] [Server thread/INFO]: Using 4 threads for Netty based IO
[01:35:55] [Server thread/INFO]: [MoonriseCommon] Paper is using 1 worker threads, 1 I/O threads
[01:35:55] [Server thread/INFO]: [ChunkTaskScheduler] Chunk system is using population gen parallelism: true
[01:35:56] [Server thread/INFO]: Default game type: SURVIVAL
[01:35:56] [Server thread/INFO]: Generating keypair
[01:35:56] [Server thread/INFO]: Starting Minecraft server on *:25565
[01:35:56] [Server thread/INFO]: Using epoll channel type
[01:35:56] [Server thread/INFO]: Paper: Using libdeflate (Linux x86_64) compression from Velocity.
[01:35:56] [Server thread/INFO]: Paper: Using OpenSSL 3.x.x (Linux x86_64) cipher from Velocity.
[01:35:57] [Server thread/ERROR]: [ModernPluginLoadingStrategy] Could not load plugin 'WarpsElite.jar' in folder 'plugins/.paper-remapped'
org.bukkit.plugin.InvalidPluginException: Cannot find main class `we.ajneb97.WarpsElite'
	at org.bukkit.plugin.java.PluginClassLoader.<init>(PluginClassLoader.java:80) ~[paper-api-1.21.4-R0.1-SNAPSHOT.jar:?]
	at io.papermc.paper.plugin.provider.type.spigot.SpigotPluginProvider.createInstance(SpigotPluginProvider.java:125) ~[paper-1.21.4.jar:1.21.4-232-12d8fe0]
	at io.papermc.paper.plugin.provider.type.spigot.SpigotPluginProvider.createInstance(SpigotPluginProvider.java:35) ~[paper-1.21.4.jar:1.21.4-232-12d8fe0]
	at io.papermc.paper.plugin.entrypoint.strategy.modern.ModernPluginLoadingStrategy.loadProviders(ModernPluginLoadingStrategy.java:116) ~[paper-1.21.4.jar:1.21.4-232-12d8fe0]
	at io.papermc.paper.plugin.storage.SimpleProviderStorage.enter(SimpleProviderStorage.java:38) ~[paper-1.21.4.jar:1.21.4-232-12d8fe0]
	at io.papermc.paper.plugin.entrypoint.LaunchEntryPointHandler.enter(LaunchEntryPointHandler.java:39) ~[paper-1.21.4.jar:1.21.4-232-12d8fe0]
	at org.bukkit.craftbukkit.CraftServer.loadPlugins(CraftServer.java:564) ~[paper-1.21.4.jar:1.21.4-232-12d8fe0]
	at net.minecraft.server.dedicated.DedicatedServer.initServer(DedicatedServer.java:277) ~[paper-1.21.4.jar:1.21.4-232-12d8fe0]
	at net.minecraft.server.MinecraftServer.runServer(MinecraftServer.java:1163) ~[paper-1.21.4.jar:1.21.4-232-12d8fe0]
	at net.minecraft.server.MinecraftServer.lambda$spin$2(MinecraftServer.java:310) ~[paper-1.21.4.jar:1.21.4-232-12d8fe0]
	at java.base/java.lang.Thread.run(Thread.java:1583) ~[?:?]
Caused by: java.lang.ClassNotFoundException: we.ajneb97.WarpsElite
	at org.bukkit.plugin.java.PluginClassLoader.loadClass0(PluginClassLoader.java:197) ~[paper-api-1.21.4-R0.1-SNAPSHOT.jar:?]
	at org.bukkit.plugin.java.PluginClassLoader.loadClass(PluginClassLoader.java:164) ~[paper-api-1.21.4-R0.1-SNAPSHOT.jar:?]
	at java.base/java.lang.ClassLoader.loadClass(ClassLoader.java:526) ~[?:?]
	at java.base/java.lang.Class.forName0(Native Method) ~[?:?]
	at java.base/java.lang.Class.forName(Class.java:534) ~[?:?]
	at java.base/java.lang.Class.forName(Class.java:513) ~[?:?]
	at org.bukkit.plugin.java.PluginClassLoader.<init>(PluginClassLoader.java:78) ~[paper-api-1.21.4-R0.1-SNAPSHOT.jar:?]
	... 10 more
[01:35:58] [Server thread/INFO]: [SpigotLibraryLoader] [NexEngine] Loading 2 libraries... please wait
[01:35:58] [Server thread/INFO]: [SpigotLibraryLoader] [NexEngine] Loaded library /workspaces/Minecraft_Server/servidor_minecraft/libraries/com/zaxxer/HikariCP/5.0.1/HikariCP-5.0.1.jar
[01:35:58] [Server thread/INFO]: [SpigotLibraryLoader] [NexEngine] Loaded library /workspaces/Minecraft_Server/servidor_minecraft/libraries/org/slf4j/slf4j-api/2.0.0-alpha1/slf4j-api-2.0.0-alpha1.jar
[01:35:58] [Server thread/INFO]: [SpigotLibraryLoader] [NexEngine] Loaded library /workspaces/Minecraft_Server/servidor_minecraft/libraries/it/unimi/dsi/fastutil/8.5.11/fastutil-8.5.11.jar
[01:35:58] [Server thread/INFO]: [ViaVersion] Loading server plugin ViaVersion v5.4.2
[01:35:58] [Server thread/INFO]: [ViaVersion] ViaVersion 5.4.2 is now loaded. Registering protocol transformers and injecting...
[01:35:59] [Via-Mappingloader-0/INFO]: [ViaVersion] Loading block connection mappings ...
[01:35:59] [Via-Mappingloader-0/INFO]: [ViaVersion] Using FastUtil Long2ObjectOpenHashMap for block connections
[01:35:59] [Server thread/INFO]: [ViaBackwards] Loading translations...
[01:35:59] [Server thread/INFO]: [ViaBackwards] Registering protocols...
[01:36:00] [Server thread/INFO]: [LuckPerms] Loading server plugin LuckPerms v5.5.9
[01:36:00] [Server thread/INFO]: [LuckPerms] Loading configuration...
[01:36:01] [Server thread/INFO]: [Vault] Loading server plugin Vault v1.7.3-b131
[01:36:01] [Server thread/INFO]: [PlaceholderAPI] Loading server plugin PlaceholderAPI v2.11.6
[01:36:01] [Server thread/INFO]: [FastAsyncWorldEdit] Loading server plugin FastAsyncWorldEdit v2.13.1-SNAPSHOT-1129;f295594
[01:36:01] [Server thread/WARN]: 
**********************************************
** You are using the Spigot-mapped FAWE jar on a modern Paper version.
** This will result in slower first-run times and wasted disk space from plugin remapping.
** Download the Paper FAWE jar from Modrinth to avoid this: https://modrinth.com/plugin/fastasyncworldedit/
**********************************************
[01:36:02] [Server thread/INFO]: Got request to register class com.sk89q.worldedit.bukkit.BukkitServerInterface with WorldEdit [com.sk89q.worldedit.extension.platform.PlatformManager@30222513]
[01:36:02] [Server thread/INFO]: [CoreLogging] Loading server plugin Multiverse-Core v5.2.0
[01:36:02] [Server thread/INFO]: [floodgate] Loading server plugin floodgate v2.2.4-SNAPSHOT (b118-40d320a)
[01:36:03] [Server thread/WARN]: [floodgate] en_ is not a supported Floodgate language.
[01:36:03] [Server thread/INFO]: [floodgate] Took 709ms to boot Floodgate
[01:36:03] [Server thread/INFO]: [FancyNpcs] Loading server plugin FancyNpcs v2.7.1
[01:36:03] [Server thread/INFO]: [WorldGuard] Loading server plugin WorldGuard v7.0.13+82fdc65
[01:36:03] [Server thread/INFO]: [Essentials] Loading server plugin Essentials v2.21.2-dev+31-9ef4fc3
[01:36:03] [Server thread/INFO]: [Multiverse-Portals] Loading server plugin Multiverse-Portals v5.1.0
[01:36:03] [Server thread/INFO]: [FancyHolograms] Loading server plugin FancyHolograms v2.7.0
[01:36:03] [Server thread/INFO]: [CrazyEnchantments] Loading server plugin CrazyEnchantments v2.5.2
[01:36:03] [Server thread/INFO]: [Geyser-Spigot] Loading server plugin Geyser-Spigot v2.8.3-SNAPSHOT
[01:36:03] [FancyLogger/INFO]: [FancyHolograms] (Server thread) INFO: Successfully loaded FancyHolograms version 2.7.0
[01:36:03] [Server thread/WARN]: [Geyser-Spigot] *********************************************
[01:36:03] [Server thread/WARN]: [Geyser-Spigot] 
[01:36:03] [Server thread/WARN]: [Geyser-Spigot] This server appears to be running behind a Velocity proxy! Remove the Geyser plugin from this server and install Geyser only on your proxy.
[01:36:03] [Server thread/WARN]: [Geyser-Spigot] Please visit the setup guide for help with configuring Geyser: https://geysermc.org/wiki/geyser/setup/
[01:36:03] [Server thread/WARN]: [Geyser-Spigot] 
[01:36:03] [Server thread/WARN]: [Geyser-Spigot] *********************************************
[01:36:03] [Server thread/INFO]: [EssentialsChat] Loading server plugin EssentialsChat v2.21.2-dev+31-9ef4fc3
[01:36:03] [Server thread/INFO]: [ViaBackwards] Loading server plugin ViaBackwards v5.4.1
[01:36:03] [Server thread/INFO]: [Veinminer] Loading server plugin Veinminer v2.4.9
[01:36:03] [Server thread/INFO]: [Veinminer] Detected platform: Paper
[01:36:04] [Server thread/INFO]: [CustomJoinMessages] Loading server plugin CustomJoinMessages v17.9.1
[01:36:04] [Server thread/INFO]: [Multiverse-NetherPortals] Loading server plugin Multiverse-NetherPortals v5.0.3
[01:36:04] [Server thread/INFO]: [PlayerKits2] Loading server plugin PlayerKits2 v1.18.2
[01:36:04] [Server thread/INFO]: [DoubleJump] Loading server plugin DoubleJump v2.9.1
[01:36:04] [Server thread/INFO]: [craftableinvframes] Loading server plugin craftableinvframes v${version}
[01:36:04] [Server thread/INFO]: [EssentialsSpawn] Loading server plugin EssentialsSpawn v2.21.2-dev+31-9ef4fc3
[01:36:04] [Server thread/INFO]: [ProtectionStones] Loading server plugin ProtectionStones v2.10.5
[01:36:04] [Server thread/INFO]: [AxMines] Loading server plugin AxMines v1.5.1
[01:36:04] [Server thread/INFO]: [FokusAPI] Loading server plugin FokusAPI v2.8
[01:36:04] [Server thread/INFO]: [Multiverse-Inventories] Loading server plugin Multiverse-Inventories v5.1.1
[01:36:04] [Server thread/INFO]: [AdvancedBanX] Loading server plugin AdvancedBanX v3.1.0
[01:36:04] [Server thread/INFO]: [SternalBoard] Loading server plugin SternalBoard v2.3.2
[01:36:04] [Server thread/INFO]: [CustomNukes] Loading server plugin CustomNukes v0.4.0
[01:36:04] [Server thread/INFO]: [nightcore] Loading server plugin nightcore v2.7.12.4
[01:36:04] [Server thread/INFO]: [Skript] Loading server plugin Skript v2.12.2
[01:36:04] [Server thread/INFO]: [CrazyCrates] Loading server plugin CrazyCrates v4.9.8
[01:36:04] [Server thread/INFO]: [CommandPanels] Loading server plugin CommandPanels v3.22.5
[01:36:04] [Server thread/INFO]: [EnchantLimitRemover] Loading server plugin EnchantLimitRemover v2.1
[01:36:04] [Server thread/INFO]: [EnchantedBook] Loading server plugin EnchantedBook v0.6.2
[01:36:04] [Server thread/INFO]: [EnchantHandler] Loading server plugin EnchantHandler v1.0
[01:36:04] [Server thread/INFO]: [InventoryRollbackPlus] Loading server plugin InventoryRollbackPlus v1.7.6
[01:36:04] [Server thread/INFO]: [RealMines] Loading server plugin RealMines v1.8.3
[01:36:04] [Server thread/INFO]: [MyCommand] Loading server plugin MyCommand v5.7.4
[01:36:04] [Server thread/INFO]: [AuraSkills] Loading server plugin AuraSkills v2.3.6
[01:36:04] [Server thread/INFO]: [Tebex] Loading server plugin Tebex v2.2.1
[01:36:04] [Server thread/INFO]: [CommandAPI] Loading server plugin CommandAPI v10.1.2
[01:36:04] [Server thread/INFO]: [CommandAPI] Loaded platform NMS_1_21_R3 > NMS_Common > CommandAPIBukkit
[01:36:04] [Server thread/INFO]: [CommandAPI] Hooked into Spigot successfully for Chat/ChatComponents
[01:36:04] [Server thread/INFO]: [CommandAPI] Hooked into Adventure for AdventureChat/AdventureChatComponents
[01:36:04] [Server thread/INFO]: [CommandAPI] Hooked into Paper for paper-specific API implementations
[01:36:04] [Server thread/INFO]: [NDailyRewards] Loading server plugin NDailyRewards v3.3.0
[01:36:04] [Server thread/INFO]: [NDailyRewards] Resolving dependencies...
[01:36:04] [Server thread/INFO]: [NDailyRewards] Resolved 18 dependencies
[01:36:04] [Server thread/INFO]: [NDailyRewards] Loaded 18 dependencies in 278 ms
[01:36:04] [Server thread/INFO]: [SuperEnchants] Loading server plugin SuperEnchants v3.2.0.1
[01:36:04] [Server thread/INFO]: [EconomyShopGUI] Loading server plugin EconomyShopGUI v6.14.4
[01:36:04] [Server thread/INFO]: [zMenu] Loading server plugin zMenu v1.1.0.2
[01:36:04] [Server thread/INFO]: [TAB] Loading server plugin TAB v5.2.4
[01:36:04] [Server thread/INFO]: [NexEngine] Loading server plugin NexEngine v2.2.12
[01:36:04] [Server thread/INFO]: [SkinsRestorer] Loading server plugin SkinsRestorer v15.9.0
[01:36:04] [Server thread/INFO]: [Veinminer-Enchantment] Loading server plugin Veinminer-Enchantment v2.2.2
[01:36:04] [Server thread/INFO]: [Multiverse-SignPortals] Loading server plugin Multiverse-SignPortals v5.0.1
[01:36:04] [Server thread/INFO]: [UberEnchant] Loading server plugin UberEnchant v8.11.7
[01:36:04] [Server thread/INFO]: [ZNPCsPlus] Loading server plugin ZNPCsPlus v2.0.0
[01:36:07] [Server thread/INFO]: Server permissions file permissions.yml is empty, ignoring it
[01:36:07] [Server thread/INFO]: [LuckPerms] Enabling LuckPerms v5.5.9
[01:36:08] [Server thread/INFO]:         __    
[01:36:08] [Server thread/INFO]:   |    |__)   LuckPerms v5.5.9
[01:36:08] [Server thread/INFO]:   |___ |      Running on Bukkit - Paper
[01:36:08] [Server thread/INFO]: 
[01:36:09] [Server thread/INFO]: [LuckPerms] Loading storage provider... [H2]
[01:36:10] [Server thread/INFO]: [LuckPerms] Loading internal permission managers...
[01:36:10] [Server thread/INFO]: [LuckPerms] Performing initial data load...
[01:36:11] [Server thread/INFO]: [LuckPerms] Successfully enabled. (took 4093ms)
[01:36:11] [Server thread/INFO]: [Vault] Enabling Vault v1.7.3-b131
[01:36:11] [Server thread/INFO]: [Vault] [Economy] Essentials Economy found: Waiting
[01:36:11] [Server thread/INFO]: [Vault] [Permission] SuperPermissions loaded as backup permission system.
[01:36:11] [Server thread/INFO]: [Vault] Enabled Version 1.7.3-b131
[01:36:11] [Server thread/INFO]: [LuckPerms] Registered Vault permission & chat hook.
[01:36:11] [Server thread/INFO]: [FastAsyncWorldEdit] Enabling FastAsyncWorldEdit v2.13.1-SNAPSHOT-1129;f295594
[01:36:11] [Server thread/INFO]: [com.fastasyncworldedit.core.Fawe] LZ4 Compression Binding loaded successfully
[01:36:11] [Server thread/INFO]: [com.fastasyncworldedit.core.Fawe] ZSTD Compression Binding loaded successfully
[01:36:11] [Server thread/INFO]: Registering commands with com.sk89q.worldedit.bukkit.BukkitServerInterface
[01:36:11] [Server thread/INFO]: WEPIF: Vault detected! Using Vault for permissions
[01:36:12] [Server thread/INFO]: Using com.sk89q.worldedit.bukkit.adapter.impl.fawe.v1_21_4.PaperweightFaweAdapter as the Bukkit adapter
[01:36:13] [Server thread/INFO]: [Veinminer] Enabling Veinminer v2.4.9
[01:36:13] [Server thread/INFO]: [nightcore] Enabling nightcore v2.7.12.4
[01:36:13] [Server thread/INFO]: [nightcore] Server version detected as 1.21.4. Using paper-bridge.
[01:36:13] [ForkJoinPool.commonPool-worker-1/WARN]: [com.fastasyncworldedit.core.util.UpdateNotification] A new release for FastAsyncWorldEdit is available: 2.14.0. You are currently on 2.13.1.
Download from https://modrinth.com/plugin/fastasyncworldedit, https://hangar.papermc.io/IntellectualSites/FastAsyncWorldEdit or https://www.spigotmc.org/resources/13932
[01:36:13] [DefaultDispatcher-worker-1/INFO]: [VeinminerUpdater] veinminer is outdated (1.21.4). Installed: 2.4.9 -> Latest: 2.5.1
[01:36:13] [Server thread/INFO]: [nightcore] [Item NBT] Test successful.
[01:36:13] [Server thread/INFO]: [nightcore] Found permissions provider: LuckPerms
[01:36:13] [Server thread/INFO]: [nightcore] Found economy provider: EssentialsX Economy
[01:36:13] [ForkJoinPool.commonPool-worker-1/WARN]: [com.fastasyncworldedit.core.util.UpdateNotification] An update for FastAsyncWorldEdit is available. You are 88 build(s) out of date.
You are running build 1129, the latest version is build 1217.
Update at https://ci.athion.net/job/FastAsyncWorldEdit
[01:36:14] [Server thread/INFO]: Environment: Environment[sessionHost=https://sessionserver.mojang.com, servicesHost=https://api.minecraftservices.com, name=PROD]
[01:36:14] [Server thread/INFO]: [nightcore] Time zone set as Etc/UTC
[01:36:14] [Server thread/INFO]: [nightcore] Loaded 2 color schemes.
[01:36:14] [Server thread/INFO]: [nightcore] Using 'custom' color scheme.
[01:36:14] [DefaultDispatcher-worker-1/INFO]: [VeinminerUpdater] veinminer-enchantment is outdated (1.21.4). Installed: 2.2.2 -> Latest: 2.5.0
[01:36:14] [Server thread/INFO]: [nightcore] Plugin loaded in 236 ms!
[01:36:14] [Server thread/INFO]: [SuperEnchants] Enabling SuperEnchants v3.2.0.1
[01:36:14] [Server thread/INFO]: [SuperEnchants] Loading SuperEnchants v3.2.0.1 by Aznos
[01:36:14] [Server thread/INFO]: [SuperEnchants] -------------------------------------
[01:36:14] [Server thread/INFO]: [SuperEnchants] If you'd like to support SuperEnchants and you find it useful, please consider donating at: https://buymeacoffee.com/aznos
[01:36:14] [Server thread/INFO]: [SuperEnchants] -------------------------------------
[01:36:14] [Server thread/WARN]: [SuperEnchants] Could not save lang_en.yml to plugins/SuperEnchants/lang_en.yml because lang_en.yml already exists.
[01:36:14] [Server thread/WARN]: [SuperEnchants] Could not save lang_de.yml to plugins/SuperEnchants/lang_de.yml because lang_de.yml already exists.
[01:36:14] [Server thread/WARN]: [SuperEnchants] Could not save lang_pt.yml to plugins/SuperEnchants/lang_pt.yml because lang_pt.yml already exists.
[01:36:14] [Server thread/WARN]: [SuperEnchants] Could not save lang_es.yml to plugins/SuperEnchants/lang_es.yml because lang_es.yml already exists.
[01:36:14] [Server thread/WARN]: [SuperEnchants] Could not save lang_fr.yml to plugins/SuperEnchants/lang_fr.yml because lang_fr.yml already exists.
[01:36:14] [Server thread/WARN]: [SuperEnchants] Could not save lang_nl.yml to plugins/SuperEnchants/lang_nl.yml because lang_nl.yml already exists.
[01:36:14] [Server thread/WARN]: [SuperEnchants] Could not save lang_ru.yml to plugins/SuperEnchants/lang_ru.yml because lang_ru.yml already exists.
[01:36:14] [Server thread/WARN]: [SuperEnchants] Could not save lang_pirate.yml to plugins/SuperEnchants/lang_pirate.yml because lang_pirate.yml already exists.
[01:36:14] [Server thread/INFO]: [NexEngine] Enabling NexEngine v2.2.12
[01:36:14] [Server thread/INFO]: [NexEngine] Seems like we have Paper based fork here...
[01:36:14] [Server thread/WARN]: [NexEngine] ==================================
[01:36:14] [Server thread/WARN]: [NexEngine] WARNING: You're running an outdated/deprecated server version (Unknown)!
[01:36:14] [Server thread/WARN]: [NexEngine] Support for this version will be dropped soon.
[01:36:14] [Server thread/WARN]: [NexEngine] Please, upgrade your server to at least 1.18.2.
[01:36:14] [Server thread/WARN]: [NexEngine] ==================================
[01:36:14] [Server thread/INFO]: [NexEngine] Successfully hooked with LuckPerms permissions
[01:36:14] [Server thread/INFO]: [NexEngine] Successfully hooked with EssentialsX Economy economy
[01:36:14] [Server thread/INFO]: [NexEngine] Successfully hooked with LuckPerms chat
[01:36:14] [Server thread/INFO]: [NexEngine] Plugin loaded in 81 ms!
[01:36:14] [Server thread/INFO]: [SkinsRestorer] Enabling SkinsRestorer v15.9.0
[01:36:15] [Server thread/INFO]: [SkinsRestorer] -------------------------/Warning\-------------------------
[01:36:15] [Server thread/INFO]: [SkinsRestorer] This plugin is running in PROXY mode!
[01:36:15] [Server thread/INFO]: [SkinsRestorer] You have to put the same config.yml on all servers and on the proxy.
[01:36:15] [Server thread/INFO]: [SkinsRestorer] (<proxy>/plugins/SkinsRestorer/)
[01:36:15] [Server thread/INFO]: [SkinsRestorer] -------------------------\Warning/-------------------------
[01:36:15] [Server thread/INFO]: [SkinsRestorer] Running on Minecraft 1.21.4.
[01:36:15] [Server thread/WARN]: [SkinsRestorer] Proxy mode API is enabled (server.proxyMode.api), but MySQL is not set up, this is not supported. You must configure MySQL on all servers and on the proxy and use the same database.
[01:36:15] [Server thread/INFO]: [PlaceholderAPI] Successfully registered internal expansion: skinsrestorer [15.9.0]
[01:36:15] [Server thread/INFO]: [SkinsRestorer] PlaceholderAPI expansion registered!
[01:36:15] [Server thread/INFO]: [Veinminer-Enchantment] Enabling Veinminer-Enchantment v2.2.2
[01:36:15] [Server thread/WARN]: **** SERVER IS RUNNING IN OFFLINE/INSECURE MODE!
[01:36:15] [Server thread/WARN]: The server will make no attempt to authenticate usernames. Beware.
[01:36:15] [Server thread/WARN]: Whilst this makes it possible to use Velocity, unless access to your server is properly restricted, it also opens up the ability for hackers to connect with any username they choose.
[01:36:15] [Server thread/WARN]: Please see https://docs.papermc.io/velocity/security for further information.
[01:36:15] [Server thread/WARN]: To change this, set "online-mode" to "true" in the server.properties file.
[01:36:15] [Server thread/INFO]: Preparing level "world"
[01:36:15] [Folia Async Scheduler Thread #0/INFO]: [SkinsRestorer] ----------------------------------------------
[01:36:15] [Folia Async Scheduler Thread #0/INFO]: [SkinsRestorer]     +==================+
[01:36:15] [Folia Async Scheduler Thread #0/INFO]: [SkinsRestorer]     |   SkinsRestorer  |
[01:36:15] [Folia Async Scheduler Thread #0/INFO]: [SkinsRestorer]     |------------------|
[01:36:15] [Folia Async Scheduler Thread #0/INFO]: [SkinsRestorer]     |    Proxy Mode    |
[01:36:15] [Folia Async Scheduler Thread #0/INFO]: [SkinsRestorer]     +==================+
[01:36:15] [Folia Async Scheduler Thread #0/INFO]: [SkinsRestorer] ----------------------------------------------
[01:36:15] [Folia Async Scheduler Thread #0/INFO]: [SkinsRestorer]     Version: 15.9.0
[01:36:15] [Folia Async Scheduler Thread #0/INFO]: [SkinsRestorer]     Commit: 1565b8f
[01:36:15] [Folia Async Scheduler Thread #0/INFO]: [SkinsRestorer]     This is the latest version!
[01:36:15] [Folia Async Scheduler Thread #0/INFO]: [SkinsRestorer] ----------------------------------------------
[01:36:15] [Folia Async Scheduler Thread #0/INFO]: [SkinsRestorer] Do you have issues? Read our troubleshooting guide: https://skinsrestorer.net/docs/troubleshooting
[01:36:15] [Folia Async Scheduler Thread #0/INFO]: [SkinsRestorer] Want to support SkinsRestorer? Consider donating: https://skinsrestorer.net/donate
[01:36:16] [Server thread/INFO]: Preparing start region for dimension minecraft:overworld
[01:36:16] [Server thread/INFO]: Preparing spawn area: 0%
[01:36:16] [Server thread/INFO]: Preparing spawn area: 2%
[01:36:17] [Server thread/INFO]: Preparing spawn area: 2%
[01:36:17] [Server thread/INFO]: Time elapsed: 1170 ms
[01:36:17] [Server thread/INFO]: Preparing start region for dimension minecraft:the_nether
[01:36:17] [Server thread/INFO]: Preparing spawn area: 0%
[01:36:17] [Server thread/INFO]: Time elapsed: 300 ms
[01:36:17] [Server thread/INFO]: Preparing start region for dimension minecraft:the_end
[01:36:17] [Server thread/INFO]: Preparing spawn area: 0%
[01:36:17] [Server thread/INFO]: Time elapsed: 151 ms
[01:36:17] [Server thread/INFO]: [ViaVersion] Enabling ViaVersion v5.4.2
[01:36:17] [Server thread/INFO]: [ViaVersion] ViaVersion detected server version: 1.21.4 (769)
[01:36:17] [Server thread/INFO]: [PlaceholderAPI] Enabling PlaceholderAPI v2.11.6
[01:36:18] [Server thread/INFO]: [PlaceholderAPI] Fetching available expansion information...
[01:36:18] [Server thread/INFO]: [Multiverse-Core] Enabling Multiverse-Core v5.2.0
[01:36:18] [Server thread/INFO]: Preparing start region for dimension minecraft:hypixel
[01:36:18] [Server thread/INFO]: Preparing spawn area: 0%
[01:36:19] [Server thread/INFO]: Time elapsed: 346 ms
[01:36:19] [Server thread/INFO]: Preparing start region for dimension minecraft:survival
[01:36:19] [Server thread/INFO]: Preparing spawn area: 0%
[01:36:19] [Server thread/INFO]: Time elapsed: 405 ms
[01:36:19] [Server thread/INFO]: Preparing start region for dimension minecraft:parcelas
[01:36:19] [Server thread/INFO]: Preparing spawn area: 0%
[01:36:19] [Server thread/INFO]: Time elapsed: 101 ms
[01:36:20] [Server thread/INFO]: [PlaceholderAPI] Successfully registered internal expansion: multiverse-core [5.2.0]
[01:36:20] [Server thread/INFO]: [Multiverse-Core] API service loaded!
[01:36:20] [Server thread/INFO]: [Multiverse-Core] Version 5.2.0 (API v5.2) Enabled - By dumptruckman, Rigby, fernferret, lithium3141, main--, benwoo1110 and Zax71
[01:36:20] [Server thread/INFO]: [Multiverse-Core] Loving Multiverse-Core? Please consider supporting the project with a small donation: https://github.com/sponsors/Multiverse
[01:36:20] [Server thread/INFO]: [floodgate] Enabling floodgate v2.2.4-SNAPSHOT (b118-40d320a)
[01:36:21] [Server thread/INFO]: [FancyNpcs] Enabling FancyNpcs v2.7.1
[01:36:21] [Server thread/WARN]: [org.mineskin.MineSkinClient] Creating MineSkinClient without API key
[01:36:21] [FancyLogger/INFO]: [FancyNpcs] (ForkJoinPool.commonPool-worker-1) WARN: You are not using the latest version of the FancyNpcs plugin.
[01:36:21] [ForkJoinPool.commonPool-worker-1/WARN]: [FancyNpcs] 
-------------------------------------------------------
You are not using the latest version of the FancyNpcs plugin.
Please update to the newest version (2.8.0).
https://modrinth.com/plugin/FancyNpcs
-------------------------------------------------------

[01:36:21] [Server thread/INFO]: [WorldGuard] Enabling WorldGuard v7.0.13+82fdc65
[01:36:21] [FancyLogger/INFO]: [FancyNpcs] (Server thread) INFO: FancyNpcs (2.7.1) has been enabled.
[01:36:21] [Server thread/INFO]: [WorldGuard] (world) TNT ignition is PERMITTED.
[01:36:21] [Server thread/INFO]: [WorldGuard] (world) Lighters are PERMITTED.
[01:36:21] [Server thread/INFO]: [WorldGuard] (world) Lava fire is PERMITTED.
[01:36:21] [Server thread/INFO]: [WorldGuard] (world) Fire spread is UNRESTRICTED.
[01:36:21] [Server thread/INFO]: [WorldGuard] Loaded configuration for world 'world'
[01:36:21] [Server thread/INFO]: [WorldGuard] (world_nether) TNT ignition is PERMITTED.
[01:36:21] [Server thread/INFO]: [WorldGuard] (world_nether) Lighters are PERMITTED.
[01:36:21] [Server thread/INFO]: [WorldGuard] (world_nether) Lava fire is PERMITTED.
[01:36:21] [Server thread/INFO]: [WorldGuard] (world_nether) Fire spread is UNRESTRICTED.
[01:36:21] [Server thread/INFO]: [WorldGuard] Loaded configuration for world 'world_nether'
[01:36:21] [Server thread/INFO]: [WorldGuard] (world_the_end) TNT ignition is PERMITTED.
[01:36:21] [Server thread/INFO]: [WorldGuard] (world_the_end) Lighters are PERMITTED.
[01:36:21] [Server thread/INFO]: [WorldGuard] (world_the_end) Lava fire is PERMITTED.
[01:36:21] [Server thread/INFO]: [WorldGuard] (world_the_end) Fire spread is UNRESTRICTED.
[01:36:21] [Server thread/INFO]: [WorldGuard] Loaded configuration for world 'world_the_end'
[01:36:21] [Server thread/INFO]: [WorldGuard] (hypixel) TNT ignition is PERMITTED.
[01:36:21] [Server thread/INFO]: [WorldGuard] (hypixel) Lighters are PERMITTED.
[01:36:21] [Server thread/INFO]: [WorldGuard] (hypixel) Lava fire is PERMITTED.
[01:36:21] [Server thread/INFO]: [WorldGuard] (hypixel) Fire spread is UNRESTRICTED.
[01:36:21] [Server thread/INFO]: [WorldGuard] Loaded configuration for world 'hypixel'
[01:36:21] [Server thread/INFO]: [WorldGuard] (Survival) TNT ignition is PERMITTED.
[01:36:21] [Server thread/INFO]: [WorldGuard] (Survival) Lighters are PERMITTED.
[01:36:21] [Server thread/INFO]: [WorldGuard] (Survival) Lava fire is PERMITTED.
[01:36:21] [Server thread/INFO]: [WorldGuard] (Survival) Fire spread is UNRESTRICTED.
[01:36:21] [Server thread/INFO]: [WorldGuard] Loaded configuration for world 'Survival'
[01:36:21] [Server thread/INFO]: [WorldGuard] (Parcelas) TNT ignition is PERMITTED.
[01:36:21] [Server thread/INFO]: [WorldGuard] (Parcelas) Lighters are PERMITTED.
[01:36:21] [Server thread/INFO]: [WorldGuard] (Parcelas) Lava fire is PERMITTED.
[01:36:21] [Server thread/INFO]: [WorldGuard] (Parcelas) Fire spread is UNRESTRICTED.
[01:36:21] [Server thread/INFO]: [WorldGuard] Loaded configuration for world 'Parcelas'
[01:36:21] [Server thread/INFO]: [WorldGuard] Loading region data...
[01:36:22] [Server thread/INFO]: [Essentials] Enabling Essentials v2.21.2-dev+31-9ef4fc3
[01:36:22] [Server thread/ERROR]: [Essentials] You are running an unsupported server version!
[01:36:22] [Server thread/INFO]: [Essentials] Attempting to convert old kits in config.yml to new kits.yml
[01:36:22] [Server thread/INFO]: [Essentials] No kits found to migrate.
[01:36:22] [Server thread/INFO]: [Essentials] Selected Paper Serialization Provider as the provider for SerializationProvider
[01:36:22] [Server thread/INFO]: [Essentials] Selected 1.13+ Spawn Egg Provider as the provider for SpawnEggProvider
[01:36:22] [Server thread/INFO]: [Essentials] Selected 1.17.1+ World Info Provider as the provider for WorldInfoProvider
[01:36:22] [Server thread/INFO]: [Essentials] Selected Reflection Formatted Command Alias Provider as the provider for FormattedCommandAliasProvider
[01:36:22] [Server thread/INFO]: [Essentials] Selected 1.21.4+ Sync Commands Provider as the provider for SyncCommandsProvider
[01:36:22] [Server thread/INFO]: [Essentials] Selected 1.8.3+ Spawner Item Provider as the provider for SpawnerItemProvider
[01:36:22] [Server thread/INFO]: [Essentials] Selected 1.14.4+ Persistent Data Container Provider as the provider for PersistentDataProvider
[01:36:22] [Server thread/INFO]: [Essentials] Selected Paper Container Provider as the provider for ContainerProvider
[01:36:22] [Server thread/INFO]: [Essentials] Selected 1.21+ InventoryView Interface ABI Provider as the provider for InventoryViewProvider
[01:36:22] [Server thread/INFO]: [Essentials] Selected 1.20.5+ Banner Data Provider as the provider for BannerDataProvider
[01:36:22] [Server thread/INFO]: [Essentials] Selected 1.12+ Spawner Block Provider as the provider for SpawnerBlockProvider
[01:36:22] [Server thread/INFO]: [Essentials] Selected Paper Tick Count Provider as the provider for TickCountProvider
[01:36:22] [Server thread/INFO]: [Essentials] Selected 1.12.2+ Player Locale Provider as the provider for PlayerLocaleProvider
[01:36:22] [Server thread/INFO]: [Essentials] Selected 1.20.4+ Damage Event Provider as the provider for DamageEventProvider
[01:36:22] [Server thread/INFO]: [Essentials] Selected 1.14+ Sign Data Provider as the provider for SignDataProvider
[01:36:22] [Server thread/INFO]: [Essentials] Selected Paper Material Tag Provider as the provider for MaterialTagProvider
[01:36:22] [Server thread/INFO]: [Essentials] Selected 1.20.6+ Potion Meta Provider as the provider for PotionMetaProvider
[01:36:22] [Server thread/INFO]: [Essentials] Selected Paper Server State Provider as the provider for ServerStateProvider
[01:36:22] [Server thread/INFO]: [Essentials] Selected Legacy Biome Name Provider as the provider for BiomeNameProvider
[01:36:22] [Server thread/INFO]: [Essentials] Selected 1.11+ Item Unbreakable Provider as the provider for ItemUnbreakableProvider
[01:36:22] [Server thread/INFO]: [Essentials] Selected Paper Known Commands Provider as the provider for KnownCommandsProvider
[01:36:22] [Server thread/INFO]: [Essentials] Selected Reflection Online Mode Provider as the provider for OnlineModeProvider
[01:36:22] [Server thread/INFO]: [Essentials] Selected Paper Biome Key Provider as the provider for BiomeKeyProvider
[01:36:23] [Server thread/INFO]: [Essentials] Loaded 43880 items from items.json.
[01:36:23] [Server thread/INFO]: [Essentials] Using locale en
[01:36:23] [Server thread/INFO]: [Essentials] ServerListPingEvent: Spigot iterator API
[01:36:23] [Server thread/INFO]: [Essentials] Starting Metrics. Opt-out using the global bStats config.
[01:36:23] [Server thread/INFO]: [Vault] [Economy] Essentials Economy hooked.
[01:36:23] [Server thread/INFO]: [Essentials] Using Vault based permissions (LuckPerms)
[01:36:23] [Server thread/INFO]: [Multiverse-Portals] Enabling Multiverse-Portals v5.1.0
[01:36:23] [Server thread/INFO]: [Multiverse-Portals] 0 - Portals(s) loaded
[01:36:23] [Server thread/INFO]: [Multiverse-Portals] Found FastAsyncWorldEdit. Using it for selections.
[01:36:23] [Server thread/INFO]: [Multiverse-Portals 5.1.0]  Enabled - By Rigby, fernferret and benwoo1110
[01:36:23] [Server thread/INFO]: [FancyHolograms] Enabling FancyHolograms v2.7.0
[01:36:23] [FancyLogger/INFO]: [FancyHolograms] (Server thread) INFO: Successfully enabled FancyHolograms version 2.7.0
[01:36:23] [Server thread/INFO]: [CrazyEnchantments] Enabling CrazyEnchantments v2.5.2
[01:36:23] [Server thread/INFO]: [CrazyEnchantments] Loading the config.yml
[01:36:23] [Server thread/INFO]: [CrazyEnchantments] Successfully loaded config.yml
[01:36:23] [Server thread/INFO]: [CrazyEnchantments] Loading the BlockList.yml
[01:36:23] [Server thread/INFO]: [CrazyEnchantments] Successfully loaded BlockList.yml
[01:36:23] [Server thread/INFO]: [CrazyEnchantments] Loading the HeadMap.yml
[01:36:23] [FancyLogger/INFO]: [FancyHolograms] (ForkJoinPool.commonPool-worker-1) WARN: 
[01:36:23] [FancyLogger/INFO]: -------------------------------------------------------
[01:36:23] [FancyLogger/INFO]: You are not using the latest version of the FancyHolograms plugin.
[01:36:23] [FancyLogger/INFO]: Please update to the newest version (2.8.0).
[01:36:23] [FancyLogger/INFO]: https://modrinth.com/plugin/FancyHolograms
[01:36:23] [FancyLogger/INFO]: -------------------------------------------------------
[01:36:23] [FancyLogger/INFO]: 
[01:36:23] [Server thread/INFO]: [CrazyEnchantments] Successfully loaded HeadMap.yml
[01:36:23] [Server thread/INFO]: [CrazyEnchantments] Loading the Data.yml
[01:36:23] [Server thread/INFO]: [CrazyEnchantments] Successfully loaded Data.yml
[01:36:23] [Server thread/INFO]: [CrazyEnchantments] Loading the Enchantments.yml
[01:36:23] [Server thread/INFO]: [CrazyEnchantments] Successfully loaded Enchantments.yml
[01:36:23] [Server thread/INFO]: [CrazyEnchantments] Loading the GKitz.yml
[01:36:23] [Server thread/INFO]: [CrazyEnchantments] Successfully loaded GKitz.yml
[01:36:23] [Server thread/INFO]: [CrazyEnchantments] Loading the Messages.yml
[01:36:23] [Server thread/INFO]: [CrazyEnchantments] Successfully loaded Messages.yml
[01:36:23] [Server thread/INFO]: [CrazyEnchantments] Loading the Enchantment-Types.yml
[01:36:23] [Server thread/INFO]: [CrazyEnchantments] Successfully loaded Enchantment-Types.yml
[01:36:23] [Server thread/INFO]: [CrazyEnchantments] Loading the Tinker.yml
[01:36:23] [Server thread/INFO]: [CrazyEnchantments] Successfully loaded Tinker.yml
[01:36:24] [Server thread/INFO]: [CUBECRAFT VULCAN]: === CrazyEnchantment Hook Status ===
[01:36:24] [Server thread/INFO]: [CUBECRAFT VULCAN]: VAULT FOUND
[01:36:24] [Server thread/INFO]: [CUBECRAFT VULCAN]: GRIEF_PREVENTION NOT FOUND
[01:36:24] [Server thread/INFO]: [CUBECRAFT VULCAN]: SUPERIORSKYBLOCK NOT FOUND
[01:36:24] [Server thread/INFO]: [CUBECRAFT VULCAN]: PLOT_SQUARED NOT FOUND
[01:36:24] [Server thread/INFO]: [CUBECRAFT VULCAN]: TOWNYADVANCED NOT FOUND
[01:36:24] [Server thread/INFO]: [CUBECRAFT VULCAN]: LANDS NOT FOUND
[01:36:24] [Server thread/INFO]: [CUBECRAFT VULCAN]: FACTIONS_UUID NOT FOUND
[01:36:24] [Server thread/INFO]: [CUBECRAFT VULCAN]: WORLDEDIT FOUND
[01:36:24] [Server thread/INFO]: [CUBECRAFT VULCAN]: MCMMO NOT FOUND
[01:36:24] [Server thread/INFO]: [CUBECRAFT VULCAN]: WORLDGUARD FOUND
[01:36:24] [Server thread/INFO]: [CUBECRAFT VULCAN]: ORAXEN NOT FOUND
[01:36:24] [Server thread/INFO]: [CrazyEnchantments] G-Kitz support is now enabled.
[01:36:24] [Server thread/INFO]: [Geyser-Spigot] Enabling Geyser-Spigot v2.8.3-SNAPSHOT
[01:36:24] [Server thread/INFO]: [Geyser-Spigot] Disabling Geyser-Spigot v2.8.3-SNAPSHOT
[01:36:24] [Server thread/INFO]: [EssentialsChat] Enabling EssentialsChat v2.21.2-dev+31-9ef4fc3
[01:36:24] [Server thread/INFO]: [EssentialsChat] Starting Metrics. Opt-out using the global bStats config.
[01:36:24] [Server thread/INFO]: [ViaBackwards] Enabling ViaBackwards v5.4.1
[01:36:24] [Server thread/INFO]: [CustomJoinMessages] Enabling CustomJoinMessages v17.9.1
[01:36:25] [Server thread/INFO]: [CustomJoinMessages] [ACF] Enabled Asynchronous Tab Completion Support!
[01:36:25] [Server thread/INFO]: [Multiverse-NetherPortals] Enabling Multiverse-NetherPortals v5.0.3
[01:36:25] [Server thread/INFO]: [Multiverse-NetherPortals 5.0.3]  Enabled - By Rigby, fernferret and benwoo1110
[01:36:25] [Server thread/INFO]: [PlayerKits2] Enabling PlayerKits2 v1.18.2
[01:36:25] [Server thread/INFO]: [PlaceholderAPI] Successfully registered internal expansion: playerkits [1.18.2]
[01:36:25] [Server thread/INFO]: [PlayerKits²] Has been enabled! Version: 1.18.2
[01:36:25] [Server thread/INFO]: [PlayerKits²] Thanks for using my plugin!   ~Ajneb97
[01:36:25] [Server thread/INFO]: There is a new version available. (1.20.1)
[01:36:25] [Server thread/INFO]: You can download it at: https://modrinth.com/plugin/playerkits-2
[01:36:25] [Server thread/INFO]: [DoubleJump] Enabling DoubleJump v2.9.1
[01:36:25] [Server thread/INFO]: [DoubleJump] DatapackDownloader Plugin Enabled!
[01:36:25] [Server thread/INFO]: [DoubleJump] Datapack already exists. Skipping download.
[01:36:25] [Server thread/INFO]: [craftableinvframes] Enabling craftableinvframes v${version}
[01:36:25] [Server thread/INFO]: [EssentialsSpawn] Enabling EssentialsSpawn v2.21.2-dev+31-9ef4fc3
[01:36:25] [Server thread/INFO]: [EssentialsSpawn] Starting Metrics. Opt-out using the global bStats config.
[01:36:25] [Server thread/INFO]: [ProtectionStones] Enabling ProtectionStones v2.10.5
[01:36:25] [Server thread/INFO]: [WorldGuard] Registering session handler dev.espi.protectionstones.flags.GreetingFlagHandler
[01:36:25] [Server thread/INFO]: [WorldGuard] Registering session handler dev.espi.protectionstones.flags.FarewellFlagHandler
[01:36:25] [Server thread/INFO]: [ProtectionStones] PlaceholderAPI support enabled!
[01:36:25] [Server thread/INFO]: [PlaceholderAPI] Successfully registered internal expansion: protectionstones [2.10.5]
[01:36:25] [Server thread/INFO]: [ProtectionStones] LuckPerms support enabled!
[01:36:25] [Server thread/INFO]: [ProtectionStones] Protection Stone Blocks:
[01:36:25] [Server thread/INFO]: [ProtectionStones] - IRON_ORE (2)
[01:36:25] [Server thread/INFO]: [ProtectionStones] - COAL_ORE (1)
[01:36:25] [Server thread/INFO]: [ProtectionStones] Building region cache...
[01:36:25] [Server thread/INFO]: [ProtectionStones] Building UUID cache... (if slow change async-load-uuid-cache in the config to true)
[01:36:25] [Server thread/INFO]: [ProtectionStones] Checking if PS regions have been updated to UUIDs...
[01:36:25] [Server thread/INFO]: [ProtectionStones] §fProtectionStones has successfully started!
[01:36:25] [Server thread/INFO]: [AxMines] Enabling AxMines v1.5.1
[01:36:26] [Server thread/INFO]: [PlaceholderAPI] Successfully registered internal expansion: axmines [1.5.1]
[01:36:26] [Server thread/INFO]: [FokusAPI] Enabling FokusAPI v2.8
[01:36:26] [Server thread/INFO]: [FokusAPI] DatapackDownloader Plugin Enabled!
[01:36:26] [Server thread/INFO]: [FokusAPI] Datapack already exists. Skipping download.
[01:36:26] [Server thread/INFO]: [Multiverse-Inventories] Enabling Multiverse-Inventories v5.1.1
[01:36:27] [Server thread/INFO]: [PlaceholderAPI] Successfully registered internal expansion: multiverse-inventories [5.1.1]
[01:36:27] [Server thread/INFO]: [Multiverse-Inventories] Loading player names map...
[01:36:27] [Server thread/INFO]: [Multiverse-Inventories] Version 5.1.1 (API v5.1) Enabled - By dumptruckman and benwoo1110
[01:36:27] [Server thread/INFO]: [AdvancedBanX] Enabling AdvancedBanX v3.1.0
[01:36:28] [Server thread/INFO]: [AdvancedBanX] 

[]=====[Enabling AdvancedBanX]=====[]
| Information:
|   Name: AdvancedBanX
|   Developer: Leoko
|   Maintainer & Updater: 2vY
|   Version: 3.1.0
|   Storage: HSQLDB (local)
| Support:
|   GitHub: https://github.com/hlpdev/AdvancedBanX/issues
| Update:
|   There is a new version available! [[3.1.0]]
[]================================[]
 
[01:36:28] [Server thread/INFO]: [SternalBoard] Enabling SternalBoard v2.3.2
[01:36:28] [Server thread/INFO]: [INFO] Starting SternalBoard Plugin
[01:36:28] [Server thread/INFO]: [CustomNukes] Enabling CustomNukes v0.4.0
[01:36:28] [Server thread/INFO]: [CustomNukes] Added SPONGE~'Toy Bomb (Damage radius: 1)'=[SAND,SAND,SAND,SAND,TNT,SAND,SAND,SAND,SAND]
[01:36:28] [Server thread/INFO]: [CustomNukes] Added SPONGE~'Bomb (Damage radius: 8)'=[OBSIDIAN,TNT,OBSIDIAN,TNT,DIAMOND_BLOCK,TNT,OBSIDIAN,TNT,OBSIDIAN]
[01:36:28] [Server thread/INFO]: [CustomNukes] Added SPONGE~'Flash Bomb (Flash radius: 32)'=[GLOWSTONE_DUST,TNT,GLOWSTONE_DUST,TNT,ENDER_EYE,TNT,GLOWSTONE_DUST,TNT,GLOWSTONE_DUST]
[01:36:28] [Server thread/INFO]: [CustomNukes] Added SPONGE~'Nuclear Bomb (Damage radius: 120 This can change the world. Be careful!)'=[GOLD_BLOCK,TNT,GOLD_BLOCK,TNT,NETHER_STAR,TNT,GOLD_BLOCK,TNT,GOLD_BLOCK]
[01:36:28] [Server thread/INFO]: [CustomNukes] Added SPONGE~'Genetic Bomb (Player poison radius: 512 This can change the world. Be careful!)'=[NETHER_STAR,NETHER_STAR,NETHER_STAR,NETHER_STAR,TNT,NETHER_STAR,NETHER_STAR,NETHER_STAR,NETHER_STAR]
[01:36:28] [Server thread/INFO]: [CustomNukes] Plugin enabled
[01:36:28] [Server thread/INFO]: [Skript] Enabling Skript v2.12.2
[01:36:29] [ForkJoinPool.commonPool-worker-1/INFO]: [Skript] A new version of Skript is available: 2.13.1 (you're currently running 2.12.2)
[01:36:29] [ForkJoinPool.commonPool-worker-1/INFO]: Download it at: https://github.com/SkriptLang/Skript/releases/download/2.13.1/Skript-2.13.1.jar
[01:36:29] [Server thread/INFO]: [Skript]  ~ created by & © Peter Güttinger aka Njol ~
[01:36:29] [Server thread/INFO]: [CrazyCrates] Enabling CrazyCrates v4.9.8
[01:36:30] [Server thread/INFO]: [PlaceholderAPI] Successfully registered internal expansion: crazycrates [4.9.8]
[01:36:30] [Server thread/INFO]: [CommandPanels] Enabling CommandPanels v3.22.5
[01:36:30] [Server thread/INFO]: [CommandPanels] RockyHawk's CommandPanels v3.22.5 Plugin Loading...
[01:36:30] [Server thread/INFO]: [NBTAPI] [NBTAPI] Found Minecraft: 1.21.4! Trying to find NMS support
[01:36:30] [Server thread/INFO]: [NBTAPI] [NBTAPI] NMS support 'MC1_21_R3' loaded!
[01:36:30] [Server thread/INFO]: [NBTAPI] [NBTAPI] Using the plugin 'CommandPanels' to create a bStats instance!
[01:36:31] [Server thread/INFO]: [PlaceholderAPI] Successfully registered internal expansion: commandpanels [3.22.5]
[01:36:31] [Server thread/INFO]: [CommandPanels] RockyHawk's CommandPanels v3.22.5 Plugin Loaded!
[01:36:31] [Server thread/INFO]: [EnchantLimitRemover] Enabling EnchantLimitRemover v2.1
[01:36:31] [Server thread/INFO]: [EnchantLimitRemover] Configuration reloaded successfully!
[01:36:31] [Server thread/INFO]: [EnchantLimitRemover] ==================================================
[01:36:31] [Server thread/INFO]: [EnchantLimitRemover] EnchantmentLimitRemover v2.1 has been enabled!
[01:36:31] [Server thread/INFO]: [EnchantLimitRemover] Author: [ResistanceCore]
[01:36:31] [Server thread/INFO]: [EnchantLimitRemover] Base max enchant level: 10
[01:36:31] [Server thread/INFO]: [EnchantLimitRemover] Absolute max level: 1000
[01:36:31] [Server thread/INFO]: [EnchantLimitRemover] Permission levels enabled: true
[01:36:31] [Server thread/INFO]: [EnchantLimitRemover] Item-specific limits enabled: false
[01:36:31] [Server thread/INFO]: [EnchantLimitRemover] Debug mode: false
[01:36:31] [Server thread/INFO]: [EnchantLimitRemover] ==================================================
[01:36:31] [Server thread/INFO]: [EnchantLimitRemover] Update checker is enabled. Checking for updates...
[01:36:31] [Server thread/INFO]: [EnchantedBook] Enabling EnchantedBook v0.6.2
[01:36:31] [Server thread/INFO]: [EnchantHandler] Enabling EnchantHandler v1.0
[01:36:31] [Server thread/INFO]: [InventoryRollbackPlus] Enabling InventoryRollbackPlus v1.7.6
[01:36:31] [Server thread/INFO]: [InventoryRollbackPlus] Attempting support for version: 1.21.4-232-12d8fe0 (MC: 1.21.4)
[01:36:31] [Server thread/INFO]: [InventoryRollbackPlus] Using CraftBukkit version: v1_21_R3
[01:36:31] [Server thread/INFO]: [InventoryRollbackPlus] Inventory backup data is set to save to: YAML
[01:36:31] [Server thread/INFO]: [InventoryRollbackPlus] bStats are enabled
[01:36:31] [Server thread/INFO]: [InventoryRollbackPlus] Tests completed: 5, Skipped: 0, Failed: 0
[01:36:31] [Server thread/INFO]: [InventoryRollbackPlus] All tests passed successfully.
[01:36:31] [Server thread/INFO]: [RealMines] Enabling RealMines v1.8.3
[01:36:31] [Server thread/INFO]: [RealMines]    _____           ____  ____
[01:36:31] [Server thread/INFO]: [RealMines]   | ___ \         | |  \/  (_)  Version: 1.8.3
[01:36:31] [Server thread/INFO]: [RealMines]   | |_/ /___  __ _| | .  . |_ _ __   ___  ___
[01:36:31] [Server thread/INFO]: [RealMines]   |    // _ \/ _` | | |\/| | | '_ \ / _ \/ __|
[01:36:31] [Server thread/INFO]: [RealMines]   | |\ \  __/ (_| | | |  | | | | | |  __/\__ \
[01:36:31] [Server thread/INFO]: [RealMines]   \_| \_\___|\__,_|_\_|  |_/_|_| |_|\___||___/
[01:36:31] [Server thread/INFO]: [RealMines]                          Made by: JoseGamer_PT
[01:36:31] [Server thread/INFO]: [RealMines] Hooked into Vault!
[01:36:31] [Server thread/INFO]: [RealMines] Loading Mines.
[01:36:31] [Server thread/INFO]: [RealMines] Loaded 0 mines and 0 mine signs.
[01:36:31] [Server thread/INFO]: [RealMines] Loaded 0 mine tasks.
[01:36:31] [Server thread/INFO]: [PlaceholderAPI] Successfully registered internal expansion: realmines [1.8.3]
[01:36:31] [Server thread/INFO]: [RealMines] Hooked onto PlaceholderAPI!
[01:36:31] [Server thread/INFO]: [RealMines] Using FAWE/WorldEdit for block placement.
[01:36:31] [Server thread/INFO]: [RealMines] Finished loading in 0.486 seconds.
[01:36:31] [Server thread/INFO]: [RealMines] <------------------ RealMines v1.8.3 ------------------>
[01:36:31] [Server thread/INFO]: [MyCommand] Enabling MyCommand v5.7.4
[01:36:31] [Server thread/INFO]: *-=-=-=-=-=-=-=-=-* MyCommand v.5.7.4*-=-=-=-=-=-=-=-=-=-*
[01:36:31] [Server thread/INFO]: | Hooked on Vault 1.7.3-b131
[01:36:32] [Server thread/INFO]: | Command file(s) found : 1
[01:36:32] [Server thread/INFO]: | Config : Ready.
[01:36:32] [Server thread/INFO]: | ProtocolLib not found.
[01:36:32] [ForkJoinPool.commonPool-worker-1/INFO]: [Skript] Loaded 5442 aliases in 2209ms
[01:36:32] [Server thread/INFO]: [PlaceholderAPI] Successfully registered internal expansion: mycommand [1.0.0]
[01:36:32] [Server thread/INFO]: | Placeholder_API : Hooked, Ok.
[01:36:32] [Server thread/INFO]: | Duplicated command found. ultra+ in examples.yml
[01:36:32] [Server thread/INFO]: | Custom commands loaded : 48
[01:36:32] [Server thread/INFO]: | New update available : MyCommand v5.7.5
[01:36:32] [Server thread/INFO]: |          by emmerrei a.k.a. ivanfromitaly.           
[01:36:32] [Server thread/INFO]: *-=-=-=-=-=-=-=-=-=-*   Done!   *-=-=-=-=-=-=-=-=-=-=-*
[01:36:32] [Server thread/INFO]: [AuraSkills] Enabling AuraSkills v2.3.6
[01:36:33] [Server thread/INFO]: [AuraSkills] Loaded 21 message files
[01:36:34] [Server thread/INFO]: [AuraSkills] Successfully registered hook LuckPerms
[01:36:34] [Server thread/INFO]: [PlaceholderAPI] Successfully registered internal expansion: auraskills [2.3.6]
[01:36:34] [Server thread/INFO]: [PlaceholderAPI] Successfully registered internal expansion: aureliumskills [2.3.6]
[01:36:34] [Server thread/INFO]: [AuraSkills] Successfully registered hook PlaceholderAPI
[01:36:34] [Server thread/INFO]: [AuraSkills] Successfully registered hook Vault
[01:36:34] [Server thread/INFO]: [AuraSkills] Successfully registered hook WorldGuard
[01:36:34] [Server thread/INFO]: [AuraSkills] Loaded 160 config options in 40 ms
[01:36:34] [Server thread/INFO]: [NBTAPI] [NBTAPI] Found Minecraft: 1.21.4! Trying to find NMS support
[01:36:34] [Server thread/INFO]: [NBTAPI] [NBTAPI] NMS support 'MC1_21_R3' loaded!
[01:36:34] [Server thread/INFO]: [NBTAPI] [NBTAPI] Using the plugin 'AuraSkills' to create a bStats instance!
[01:36:34] [Server thread/INFO]: [AuraSkills] Loaded 3 blocked/disabled worlds
[01:36:34] [Server thread/INFO]: [AuraSkills] [ACF] Enabled Asynchronous Tab Completion Support!
[01:36:34] [Server thread/INFO]: [Tebex] Enabling Tebex v2.2.1
[01:36:35] [Server thread/INFO]: [CommandAPI] Enabling CommandAPI v10.1.2
[01:36:35] [Server thread/INFO]: [CommandAPI] Hooked into Paper ServerResourcesReloadedEvent
[01:36:35] [Server thread/INFO]: [NDailyRewards] Enabling NDailyRewards v3.3.0
[01:36:35] [Commons-Logger/INFO]: [NDailyRewards] INFO: Loading plugin managers...
[01:36:35] [Server thread/INFO]: [com.zaxxer.hikari.HikariDataSource] NDailyRewards - Starting...
[01:36:35] [Server thread/INFO]: [com.zaxxer.hikari.pool.HikariPool] NDailyRewards - Added connection org.sqlite.jdbc4.JDBC4Connection@50a2f659
[01:36:35] [Server thread/INFO]: [com.zaxxer.hikari.HikariDataSource] NDailyRewards - Start completed.
[01:36:35] [OkHttp https://plugin.tebex.io/.../INFO]: [Tebex] Connected to Minecraft Server - Minecraft: Java Edition server.
[01:36:35] [Server thread/INFO]: [PlaceholderAPI] Successfully registered internal expansion: dailyrewards [3.3.0]
[01:36:35] [Commons-Logger/INFO]: [NDailyRewards] INFO: Enabled integration PlaceholderAPI
[01:36:35] [Commons-Logger/INFO]: [NDailyRewards] INFO: Registering listeners...
[01:36:36] [Commons-Logger/INFO]: [NDailyRewards] INFO: Successfully enabled (took 935ms)
[01:36:36] [Server thread/INFO]: [EconomyShopGUI] Enabling EconomyShopGUI v6.14.4
[01:36:36] [Server thread/INFO]: [EconomyShopGUI] [INFO]: Using lang-es.yml as language file
[01:36:36] [Server thread/INFO]: [EconomyShopGUI] [INFO]: Carga completada 16 configuraciones de la sección de /secciones/
[01:36:36] [Server thread/INFO]: [EconomyShopGUI] [INFO]: Completada la carga de la configuración de 16 tiendas desde /shops/
[01:36:36] [Server thread/INFO]: [EconomyShopGUI] [INFO]: Actualizando la configuración de la tienda...
[01:36:36] [Server thread/INFO]: [EconomyShopGUI] [INFO]: Successfully hooked into Vault and using EssentialsX Economy as economy provider
[01:36:36] [Server thread/INFO]: [EconomyShopGUI] [INFO]: Se completó la carga de 1 proveedor(es) de economía para todas las 14 secciones de tiendas.
[01:36:36] [Server thread/INFO]: [EconomyShopGUI] [INFO]: Usando minecraft versión 1.21.4...
[01:36:36] [Server thread/INFO]: [EconomyShopGUI] [INFO]: Proveedor spawner establecido en AUTO en la configuración
[01:36:36] [Server thread/INFO]: [EconomyShopGUI] [INFO]: Automatically searching for compatible spawner provider....
[01:36:36] [Server thread/INFO]: [EconomyShopGUI] [INFO]: Failed to automatically find compatible spawner provider, using default...
[01:36:36] [Server thread/INFO]: [PlaceholderAPI] Successfully registered internal expansion: esgui [1.1.0]
[01:36:36] [Server thread/INFO]: [EconomyShopGUI] [INFO]: El modo de depuración está habilitado.
[01:36:36] [Server thread/INFO]: [EconomyShopGUI] [INFO]: Cargando todos los elementos...
[01:36:36] [Server thread/INFO]: [EconomyShopGUI] [INFO]: Iniciado - Tomó 569ms para completar
[01:36:36] [ESGUI_UTIL_THREAD #0/INFO]: [EconomyShopGUI] [INFO]: Hay una actualización disponible para EconomyShopGUI, estás corriendo la versión 6.14.4 pero se encontró la versión 6.15.1.
[01:36:36] [Server thread/INFO]: [zMenu] Enabling zMenu v1.1.0.2
[01:36:36] [ESGUI_UTIL_THREAD #0/INFO]: [EconomyShopGUI] [INFO]: Download at: https://www.spigotmc.org/resources/economyshopgui.69927/
[01:36:36] [Server thread/INFO]: [zMenu v1.1.0.2] === ENABLE START ===
[01:36:36] [Server thread/INFO]: [zMenu v1.1.0.2] Plugin Version V1.1.0.2
[01:36:36] [Server thread/INFO]: [PlaceholderAPI] Successfully registered internal expansion: zmenu [1.1.0.2]
[01:36:36] [Server thread/INFO]: [zMenu] The database connection is valid ! (SQLITE)
[01:36:36] [Server thread/INFO]: [zMenu] Use ComponentMeta
[01:36:36] [Server thread/INFO]: [zMenu v1.1.0.2] plugins/zMenu/patterns/pattern_example.yml loaded successfully !
[01:36:36] [Server thread/INFO]: [zMenu v1.1.0.2] plugins/zMenu/inventories/pro_inventory.yml loaded successfully !
[01:36:36] [Server thread/INFO]: [zMenu v1.1.0.2] plugins/zMenu/inventories/examples/switch.yml loaded successfully !
[01:36:37] [Server thread/INFO]: [zMenu v1.1.0.2] plugins/zMenu/inventories/examples/playtimes.yml loaded successfully !
[01:36:37] [Server thread/INFO]: [zMenu v1.1.0.2] plugins/zMenu/inventories/examples/cookies.yml loaded successfully !
[01:36:37] [Server thread/INFO]: [zMenu v1.1.0.2] plugins/zMenu/inventories/example_punish.yml loaded successfully !
[01:36:37] [Server thread/INFO]: [zMenu v1.1.0.2] plugins/zMenu/inventories/basic_inventory.yml loaded successfully !
[01:36:37] [Server thread/INFO]: [zMenu v1.1.0.2] plugins/zMenu/inventories/advanced_inventory.yml loaded successfully !
[01:36:37] [Server thread/INFO]: [zMenu v1.1.0.2] plugins/zMenu/website/inventories.yml loaded successfully !
[01:36:37] [Server thread/INFO]: [zMenu v1.1.0.2] Command /punish successfully register.
[01:36:37] [Server thread/INFO]: [zMenu v1.1.0.2] Command /rangos successfully register.
[01:36:37] [Server thread/INFO]: [zMenu v1.1.0.2] Command /modalidades successfully register.
[01:36:37] [Server thread/INFO]: [zMenu v1.1.0.2] 
[01:36:37] [Server thread/INFO]: [zMenu v1.1.0.2] You can support zMenu by upgrading your account here: https://minecraft-inventory-builder.com/account-upgrade
[01:36:37] [Server thread/INFO]: [zMenu v1.1.0.2] zMenu’s site includes an inventory editor (under development), a marketplace (already available) is a forum (under development)
[01:36:37] [Server thread/INFO]: [zMenu v1.1.0.2] 
[01:36:37] [Server thread/INFO]: [zMenu v1.1.0.2] Loading 4 commands
[01:36:37] [Server thread/INFO]: [zMenu v1.1.0.2] === ENABLE DONE (470ms) ===
[01:36:37] [Server thread/INFO]: [TAB] Enabling TAB v5.2.4
[01:36:37] [Server thread/INFO]: [TAB] Enabled in 192ms
[01:36:37] [Server thread/INFO]: [Multiverse-SignPortals] Enabling Multiverse-SignPortals v5.0.1
[01:36:37] [Server thread/INFO]: [Multiverse-SignPortals 5.0.1]  Enabled - By Rigby and fernferret
[01:36:37] [Server thread/INFO]: [UberEnchant] Enabling UberEnchant v8.11.7
[01:36:37] [Server thread/INFO]: [ZNPCsPlus] Enabling ZNPCsPlus v2.0.0
[01:36:37] [Server thread/INFO]:   ___       __   __  __
[01:36:37] [Server thread/INFO]:    _/ |\ | |__) |   (__` __|__   ZNPCsPlus v2.0.0
[01:36:37] [Server thread/INFO]:   /__ | \| |    |__ .__)   |     Maintained with ❤  by Pyr#6969
[01:36:37] [Server thread/INFO]: 
[01:36:37] [Server thread/INFO]:  * Initializing libraries...
[01:36:37] [Server thread/INFO]:  * Initializing components...
[01:36:37] [Server thread/INFO]:  * Registering components...
[01:36:37] [Server thread/INFO]:  * Starting tasks...
[01:36:37] [Server thread/INFO]:  * Loading data...
[01:36:38] [Server thread/INFO]:  * Loading complete! (434ms)
[01:36:38] [Server thread/INFO]: 
[01:36:38] [Server thread/INFO]: [spark] Starting background profiler...
[01:36:38] [Server thread/INFO]: [PlaceholderAPI] Placeholder expansion registration initializing...
[01:36:38] [Server thread/INFO]: Done preparing level "world" (23.025s)
[01:36:38] [Server thread/INFO]: Running delayed init tasks
[01:36:38] [Craft Scheduler Thread - 7 - ViaVersion/INFO]: [ViaVersion] Finished mapping loading, shutting down loader executor.
[01:36:38] [Craft Scheduler Thread - 4 - Essentials/INFO]: [Essentials] Fetching version information...
[01:36:38] [Craft Scheduler Thread - 11 - InventoryRollbackPlus/INFO]: [InventoryRollbackPlus] Checking for updates...
[01:36:38] [Server thread/INFO]: [com.fastasyncworldedit.bukkit.regions.WorldGuardFeature] Plugin 'WorldGuard' found. Using it now.
[01:36:38] [Server thread/INFO]: [com.fastasyncworldedit.bukkit.FaweBukkit] Attempting to use plugin 'WorldGuard'
[01:36:38] [Craft Scheduler Thread - 5 - Vault/INFO]: [Vault] Checking for Updates ... 
[01:36:38] [Server thread/INFO]: [Essentials] Essentials found a compatible payment resolution method: Vault Compatibility Layer (v1.7.3-b131)!
[01:36:38] [Craft Scheduler Thread - 5 - Vault/INFO]: [Vault] No new version available
[01:36:38] [Craft Scheduler Thread - 11 - InventoryRollbackPlus/INFO]: 
===============================================================================
A minor update to InventoryRollbackPlus is available!
Download at https://www.spigotmc.org/resources/inventoryrollbackplus-1-8-1-16-x.85811/
(current: 1.7.6, latest: 1.7.8)
===============================================================================

[01:36:38] [Craft Scheduler Thread - 12 - RealMines/WARN]: [RealMines] There is a new update available! Version: 1.8.7 https://www.spigotmc.org/resources/73707/
[01:36:38] [Server thread/INFO]: [Skript] Loading variables...
[01:36:38] [Server thread/INFO]: [Skript] Loaded 0 variables in 0.0 seconds
[01:36:38] [Server thread/INFO]: [Skript] All scripts loaded without errors.
[01:36:38] [Server thread/INFO]: [Skript]     No scripts were found, maybe you should write some ;)
[01:36:38] [Server thread/INFO]: [Skript] Finished loading.
[01:36:38] [Craft Scheduler Thread - 4 - Essentials/WARN]: [Essentials] You're 51 EssentialsX dev build(s) out of date!
[01:36:38] [Craft Scheduler Thread - 4 - Essentials/WARN]: [Essentials] Download it here: https://essentialsx.net/downloads.html
[01:36:39] [Server thread/INFO]: [AuraSkills] Loaded 11 skills with 317 total sources
[01:36:39] [Craft Scheduler Thread - 13 - zMenu/INFO]: [zMenu v1.1.0.2] New update available. Your version: 1.1.0.2, latest version: 1.1.0.5
[01:36:39] [Craft Scheduler Thread - 13 - zMenu/INFO]: [zMenu v1.1.0.2] Download plugin here: https://groupez.dev/resources/253
[01:36:39] [Server thread/INFO]: [AuraSkills] Loaded 9 stats and 17 traits
[01:36:39] [Server thread/INFO]: [AuraSkills] Loaded 22 pattern rewards and 0 level rewards
[01:36:39] [Server thread/INFO]: [AuraSkills] Loaded 53 loot entries in 4 pools and 2 tables
[01:36:39] [Server thread/INFO]: [AuraSkills] Loaded 7 menus
[01:36:39] [Server thread/INFO]: [Multiverse-Inventories] First run!
[01:36:39] [Server thread/INFO]: Checking for conflicts in groups...
[01:36:39] [Server thread/INFO]: No group conflicts found!
[01:36:39] [Server thread/INFO]: [PlaceholderAPI] An update for PlaceholderAPI (v2.11.7) is available at:
[01:36:39] [Server thread/INFO]: [PlaceholderAPI] https://www.spigotmc.org/resources/placeholderapi.6245/
[01:36:39] [Server thread/INFO]: [PlaceholderAPI] Successfully registered external expansion: vault [1.8.3]
[01:36:39] [Server thread/INFO]: [PlaceholderAPI] Successfully registered external expansion: player [2.0.8]
[01:36:39] [Server thread/INFO]: [PlaceholderAPI] Successfully registered external expansion: bungee [2.3]
[01:36:39] [Server thread/INFO]: [PlaceholderAPI] Successfully registered external expansion: server [2.7.3]
[01:36:39] [Server thread/INFO]: 4 placeholder hook(s) registered! 1 placeholder hook(s) have an update available.
[01:36:39] [Server thread/WARN]: [ViaVersion] There is a newer plugin version available: 5.5.1, you're on: 5.4.2
[01:36:39] [Server thread/INFO]: Done (54.715s)! For help, type "help"
[01:36:39] [Craft Scheduler Thread - 13 - AuraSkills/INFO]: [AuraSkills] New update available! You are on version 2.3.6, latest version is 2.3.8
[AuraSkills] Download it on Modrinth: https://modrinth.com/plugin/uDdZAVls/version/E2dV5kLm
[01:36:43] [Server thread/INFO]: [UberEnchant] Found: 0 Registered UberEnchantments.
[01:36:43] [Server thread/INFO]: [UberEnchant] Loaded: 0 UberEnchantments.
[01:36:43] [Server thread/INFO]: [UberEnchant] Custom enchantment table mechanics are enabled
[01:36:43] [Server thread/INFO]: [UberEnchant] Custom anvil mechanics are enabled
[01:36:48] [Server thread/INFO]: [MyCommand] found an update for MyCommand. Type /mycommand for more infos.
[01:37:02] [User Authenticator #0/INFO]: UUID of player DolphnXM is 0b58d05a-690c-3c96-ba12-2d102d1e469c
[01:37:04] [Server thread/INFO]: 
[01:37:04] [Server thread/INFO]: DolphnXM[/127.0.0.1:41400] logged in with entity id 338 at ([world]965.8374747028234, 63.0, 199.7960254709993)
[01:37:04] [Server thread/INFO]: [+] ADMIN  DolphnXM
[01:37:16] [Server thread/INFO]: DolphnXM issued server command: /skin
[01:37:41] [Server thread/INFO]: DolphnXM issued server command: /mv
[01:38:01] [luckperms-command-executor/INFO]: [LP] Running LuckPerms v5.5.9.
[01:38:01] [luckperms-command-executor/INFO]: [LP] Use /lp help to view available commands.
[01:38:19] [luckperms-command-executor/INFO]: [LP] Set * to true for admin in context global.
[01:38:26] [Server thread/ERROR]: Could not pass event EntityDamageByEntityEvent to SuperEnchants v3.2.0.1
java.lang.IllegalArgumentException: Health value (101.5999984741211) must be between 0 and 20.0. (attribute base value: 20.0, player: DolphnXM)
	at com.google.common.base.Preconditions.checkArgument(Preconditions.java:483) ~[guava-33.3.1-jre.jar:?]
	at org.bukkit.craftbukkit.entity.CraftLivingEntity.setHealth(CraftLivingEntity.java:112) ~[paper-1.21.4.jar:1.21.4-232-12d8fe0]
	at SuperEnchants-3.2.0.1-all.jar/com.aznos.superenchants.listener.EntityDamage.onEntityDamage(EntityDamage.java:142) ~[SuperEnchants-3.2.0.1-all.jar:?]
	at co.aikar.timings.TimedEventExecutor.execute(TimedEventExecutor.java:80) ~[paper-api-1.21.4-R0.1-SNAPSHOT.jar:?]
	at org.bukkit.plugin.RegisteredListener.callEvent(RegisteredListener.java:70) ~[paper-api-1.21.4-R0.1-SNAPSHOT.jar:?]
	at io.papermc.paper.plugin.manager.PaperEventManager.callEvent(PaperEventManager.java:54) ~[paper-1.21.4.jar:1.21.4-232-12d8fe0]
	at io.papermc.paper.plugin.manager.PaperPluginManagerImpl.callEvent(PaperPluginManagerImpl.java:131) ~[paper-1.21.4.jar:1.21.4-232-12d8fe0]
	at org.bukkit.plugin.SimplePluginManager.callEvent(SimplePluginManager.java:628) ~[paper-api-1.21.4-R0.1-SNAPSHOT.jar:?]
	at org.bukkit.craftbukkit.event.CraftEventFactory.callEvent(CraftEventFactory.java:276) ~[paper-1.21.4.jar:1.21.4-232-12d8fe0]
	at org.bukkit.craftbukkit.event.CraftEventFactory.callEntityDamageEvent(CraftEventFactory.java:1209) ~[paper-1.21.4.jar:1.21.4-232-12d8fe0]
	at org.bukkit.craftbukkit.event.CraftEventFactory.callEntityDamageEvent(CraftEventFactory.java:1199) ~[paper-1.21.4.jar:1.21.4-232-12d8fe0]
	at org.bukkit.craftbukkit.event.CraftEventFactory.handleEntityDamageEvent(CraftEventFactory.java:1129) ~[paper-1.21.4.jar:1.21.4-232-12d8fe0]
	at org.bukkit.craftbukkit.event.CraftEventFactory.handleEntityDamageEvent(CraftEventFactory.java:1090) ~[paper-1.21.4.jar:1.21.4-232-12d8fe0]
	at org.bukkit.craftbukkit.event.CraftEventFactory.handleLivingEntityDamageEvent(CraftEventFactory.java:1253) ~[paper-1.21.4.jar:1.21.4-232-12d8fe0]
	at net.minecraft.world.entity.LivingEntity.handleEntityDamage(LivingEntity.java:2304) ~[paper-1.21.4.jar:1.21.4-232-12d8fe0]
	at net.minecraft.world.entity.LivingEntity.hurtServer(LivingEntity.java:1433) ~[paper-1.21.4.jar:1.21.4-232-12d8fe0]
	at net.minecraft.world.entity.monster.Zombie.hurtServer(Zombie.java:325) ~[paper-1.21.4.jar:1.21.4-232-12d8fe0]
	at net.minecraft.world.entity.Entity.hurtOrSimulate(Entity.java:2225) ~[paper-1.21.4.jar:1.21.4-232-12d8fe0]
	at net.minecraft.world.entity.player.Player.attack(Player.java:1291) ~[paper-1.21.4.jar:1.21.4-232-12d8fe0]
	at net.minecraft.server.level.ServerPlayer.attack(ServerPlayer.java:2445) ~[paper-1.21.4.jar:1.21.4-232-12d8fe0]
	at net.minecraft.server.network.ServerGamePacketListenerImpl$2.onAttack(ServerGamePacketListenerImpl.java:2834) ~[paper-1.21.4.jar:1.21.4-232-12d8fe0]
	at net.minecraft.network.protocol.game.ServerboundInteractPacket$1.dispatch(ServerboundInteractPacket.java:29) ~[paper-1.21.4.jar:1.21.4-232-12d8fe0]
	at net.minecraft.network.protocol.game.ServerboundInteractPacket.dispatch(ServerboundInteractPacket.java:91) ~[paper-1.21.4.jar:1.21.4-232-12d8fe0]
	at net.minecraft.server.network.ServerGamePacketListenerImpl.handleInteract(ServerGamePacketListenerImpl.java:2757) ~[paper-1.21.4.jar:1.21.4-232-12d8fe0]
	at net.minecraft.network.protocol.game.ServerboundInteractPacket.handle(ServerboundInteractPacket.java:78) ~[paper-1.21.4.jar:1.21.4-232-12d8fe0]
	at net.minecraft.network.protocol.game.ServerboundInteractPacket.handle(ServerboundInteractPacket.java:14) ~[paper-1.21.4.jar:1.21.4-232-12d8fe0]
	at net.minecraft.network.protocol.PacketUtils.lambda$ensureRunningOnSameThread$0(PacketUtils.java:29) ~[paper-1.21.4.jar:1.21.4-232-12d8fe0]
	at net.minecraft.server.TickTask.run(TickTask.java:18) ~[paper-1.21.4.jar:1.21.4-232-12d8fe0]
	at net.minecraft.util.thread.BlockableEventLoop.doRunTask(BlockableEventLoop.java:155) ~[paper-1.21.4.jar:1.21.4-232-12d8fe0]
	at net.minecraft.util.thread.ReentrantBlockableEventLoop.doRunTask(ReentrantBlockableEventLoop.java:24) ~[paper-1.21.4.jar:1.21.4-232-12d8fe0]
	at net.minecraft.server.MinecraftServer.doRunTask(MinecraftServer.java:1448) ~[paper-1.21.4.jar:1.21.4-232-12d8fe0]
	at net.minecraft.server.MinecraftServer.doRunTask(MinecraftServer.java:176) ~[paper-1.21.4.jar:1.21.4-232-12d8fe0]
	at net.minecraft.util.thread.BlockableEventLoop.pollTask(BlockableEventLoop.java:129) ~[paper-1.21.4.jar:1.21.4-232-12d8fe0]
	at net.minecraft.server.MinecraftServer.pollTaskInternal(MinecraftServer.java:1428) ~[paper-1.21.4.jar:1.21.4-232-12d8fe0]
	at net.minecraft.server.MinecraftServer.pollTask(MinecraftServer.java:1422) ~[paper-1.21.4.jar:1.21.4-232-12d8fe0]
	at net.minecraft.util.thread.BlockableEventLoop.managedBlock(BlockableEventLoop.java:139) ~[paper-1.21.4.jar:1.21.4-232-12d8fe0]
	at net.minecraft.server.MinecraftServer.managedBlock(MinecraftServer.java:1379) ~[paper-1.21.4.jar:1.21.4-232-12d8fe0]
	at net.minecraft.server.MinecraftServer.waitUntilNextTick(MinecraftServer.java:1387) ~[paper-1.21.4.jar:1.21.4-232-12d8fe0]
	at net.minecraft.server.MinecraftServer.runServer(MinecraftServer.java:1264) ~[paper-1.21.4.jar:1.21.4-232-12d8fe0]
	at net.minecraft.server.MinecraftServer.lambda$spin$2(MinecraftServer.java:310) ~[paper-1.21.4.jar:1.21.4-232-12d8fe0]
	at java.base/java.lang.Thread.run(Thread.java:1583) ~[?:?]
[01:38:37] [Server thread/ERROR]: Could not pass event PlayerArmorChangeEvent to SuperEnchants v3.2.0.1
java.lang.IllegalArgumentException: Health value (-4.0) must be greater than 0
	at com.google.common.base.Preconditions.checkArgument(Preconditions.java:218) ~[guava-33.3.1-jre.jar:?]
	at org.bukkit.craftbukkit.entity.CraftPlayer.setHealthScale(CraftPlayer.java:2784) ~[paper-1.21.4.jar:1.21.4-232-12d8fe0]
	at SuperEnchants-3.2.0.1-all.jar/com.aznos.superenchants.listener.ArmorChange.onArmorChange(ArmorChange.java:61) ~[SuperEnchants-3.2.0.1-all.jar:?]
	at co.aikar.timings.TimedEventExecutor.execute(TimedEventExecutor.java:80) ~[paper-api-1.21.4-R0.1-SNAPSHOT.jar:?]
	at org.bukkit.plugin.RegisteredListener.callEvent(RegisteredListener.java:70) ~[paper-api-1.21.4-R0.1-SNAPSHOT.jar:?]
	at io.papermc.paper.plugin.manager.PaperEventManager.callEvent(PaperEventManager.java:54) ~[paper-1.21.4.jar:1.21.4-232-12d8fe0]
	at io.papermc.paper.plugin.manager.PaperPluginManagerImpl.callEvent(PaperPluginManagerImpl.java:131) ~[paper-1.21.4.jar:1.21.4-232-12d8fe0]
	at org.bukkit.plugin.SimplePluginManager.callEvent(SimplePluginManager.java:628) ~[paper-api-1.21.4-R0.1-SNAPSHOT.jar:?]
	at org.bukkit.event.Event.callEvent(Event.java:45) ~[paper-api-1.21.4-R0.1-SNAPSHOT.jar:?]
	at net.minecraft.world.entity.LivingEntity.collectEquipmentChanges(LivingEntity.java:3263) ~[paper-1.21.4.jar:1.21.4-232-12d8fe0]
	at net.minecraft.world.entity.LivingEntity.detectEquipmentUpdatesPublic(LivingEntity.java:3224) ~[paper-1.21.4.jar:1.21.4-232-12d8fe0]
	at net.minecraft.server.network.ServerGamePacketListenerImpl.handleContainerClick(ServerGamePacketListenerImpl.java:3288) ~[paper-1.21.4.jar:1.21.4-232-12d8fe0]
	at net.minecraft.network.protocol.game.ServerboundContainerClickPacket.handle(ServerboundContainerClickPacket.java:69) ~[paper-1.21.4.jar:1.21.4-232-12d8fe0]
	at net.minecraft.network.protocol.game.ServerboundContainerClickPacket.handle(ServerboundContainerClickPacket.java:14) ~[paper-1.21.4.jar:1.21.4-232-12d8fe0]
	at net.minecraft.network.protocol.PacketUtils.lambda$ensureRunningOnSameThread$0(PacketUtils.java:29) ~[paper-1.21.4.jar:1.21.4-232-12d8fe0]
	at net.minecraft.server.TickTask.run(TickTask.java:18) ~[paper-1.21.4.jar:1.21.4-232-12d8fe0]
	at net.minecraft.util.thread.BlockableEventLoop.doRunTask(BlockableEventLoop.java:155) ~[paper-1.21.4.jar:1.21.4-232-12d8fe0]
	at net.minecraft.util.thread.ReentrantBlockableEventLoop.doRunTask(ReentrantBlockableEventLoop.java:24) ~[paper-1.21.4.jar:1.21.4-232-12d8fe0]
	at net.minecraft.server.MinecraftServer.doRunTask(MinecraftServer.java:1448) ~[paper-1.21.4.jar:1.21.4-232-12d8fe0]
	at net.minecraft.server.MinecraftServer.doRunTask(MinecraftServer.java:176) ~[paper-1.21.4.jar:1.21.4-232-12d8fe0]
	at net.minecraft.util.thread.BlockableEventLoop.pollTask(BlockableEventLoop.java:129) ~[paper-1.21.4.jar:1.21.4-232-12d8fe0]
	at net.minecraft.server.MinecraftServer.pollTaskInternal(MinecraftServer.java:1428) ~[paper-1.21.4.jar:1.21.4-232-12d8fe0]
	at net.minecraft.server.MinecraftServer.pollTask(MinecraftServer.java:1422) ~[paper-1.21.4.jar:1.21.4-232-12d8fe0]
	at net.minecraft.util.thread.BlockableEventLoop.managedBlock(BlockableEventLoop.java:139) ~[paper-1.21.4.jar:1.21.4-232-12d8fe0]
	at net.minecraft.server.MinecraftServer.managedBlock(MinecraftServer.java:1379) ~[paper-1.21.4.jar:1.21.4-232-12d8fe0]
	at net.minecraft.server.MinecraftServer.waitUntilNextTick(MinecraftServer.java:1387) ~[paper-1.21.4.jar:1.21.4-232-12d8fe0]
	at net.minecraft.server.MinecraftServer.runServer(MinecraftServer.java:1264) ~[paper-1.21.4.jar:1.21.4-232-12d8fe0]
	at net.minecraft.server.MinecraftServer.lambda$spin$2(MinecraftServer.java:310) ~[paper-1.21.4.jar:1.21.4-232-12d8fe0]
	at java.base/java.lang.Thread.run(Thread.java:1583) ~[?:?]
[01:38:37] [Server thread/ERROR]: Could not pass event PlayerArmorChangeEvent to SuperEnchants v3.2.0.1
java.lang.IllegalArgumentException: Health value (-4.0) must be greater than 0
	at com.google.common.base.Preconditions.checkArgument(Preconditions.java:218) ~[guava-33.3.1-jre.jar:?]
	at org.bukkit.craftbukkit.entity.CraftPlayer.setHealthScale(CraftPlayer.java:2784) ~[paper-1.21.4.jar:1.21.4-232-12d8fe0]
	at SuperEnchants-3.2.0.1-all.jar/com.aznos.superenchants.listener.ArmorChange.onArmorChange(ArmorChange.java:61) ~[SuperEnchants-3.2.0.1-all.jar:?]
	at co.aikar.timings.TimedEventExecutor.execute(TimedEventExecutor.java:80) ~[paper-api-1.21.4-R0.1-SNAPSHOT.jar:?]
	at org.bukkit.plugin.RegisteredListener.callEvent(RegisteredListener.java:70) ~[paper-api-1.21.4-R0.1-SNAPSHOT.jar:?]
	at io.papermc.paper.plugin.manager.PaperEventManager.callEvent(PaperEventManager.java:54) ~[paper-1.21.4.jar:1.21.4-232-12d8fe0]
	at io.papermc.paper.plugin.manager.PaperPluginManagerImpl.callEvent(PaperPluginManagerImpl.java:131) ~[paper-1.21.4.jar:1.21.4-232-12d8fe0]
	at org.bukkit.plugin.SimplePluginManager.callEvent(SimplePluginManager.java:628) ~[paper-api-1.21.4-R0.1-SNAPSHOT.jar:?]
	at org.bukkit.event.Event.callEvent(Event.java:45) ~[paper-api-1.21.4-R0.1-SNAPSHOT.jar:?]
	at net.minecraft.world.entity.LivingEntity.collectEquipmentChanges(LivingEntity.java:3263) ~[paper-1.21.4.jar:1.21.4-232-12d8fe0]
	at net.minecraft.world.entity.LivingEntity.detectEquipmentUpdatesPublic(LivingEntity.java:3224) ~[paper-1.21.4.jar:1.21.4-232-12d8fe0]
	at net.minecraft.server.network.ServerGamePacketListenerImpl.handleContainerClick(ServerGamePacketListenerImpl.java:3288) ~[paper-1.21.4.jar:1.21.4-232-12d8fe0]
	at net.minecraft.network.protocol.game.ServerboundContainerClickPacket.handle(ServerboundContainerClickPacket.java:69) ~[paper-1.21.4.jar:1.21.4-232-12d8fe0]
	at net.minecraft.network.protocol.game.ServerboundContainerClickPacket.handle(ServerboundContainerClickPacket.java:14) ~[paper-1.21.4.jar:1.21.4-232-12d8fe0]
	at net.minecraft.network.protocol.PacketUtils.lambda$ensureRunningOnSameThread$0(PacketUtils.java:29) ~[paper-1.21.4.jar:1.21.4-232-12d8fe0]
	at net.minecraft.server.TickTask.run(TickTask.java:18) ~[paper-1.21.4.jar:1.21.4-232-12d8fe0]
	at net.minecraft.util.thread.BlockableEventLoop.doRunTask(BlockableEventLoop.java:155) ~[paper-1.21.4.jar:1.21.4-232-12d8fe0]
	at net.minecraft.util.thread.ReentrantBlockableEventLoop.doRunTask(ReentrantBlockableEventLoop.java:24) ~[paper-1.21.4.jar:1.21.4-232-12d8fe0]
	at net.minecraft.server.MinecraftServer.doRunTask(MinecraftServer.java:1448) ~[paper-1.21.4.jar:1.21.4-232-12d8fe0]
	at net.minecraft.server.MinecraftServer.doRunTask(MinecraftServer.java:176) ~[paper-1.21.4.jar:1.21.4-232-12d8fe0]
	at net.minecraft.util.thread.BlockableEventLoop.pollTask(BlockableEventLoop.java:129) ~[paper-1.21.4.jar:1.21.4-232-12d8fe0]
	at net.minecraft.server.MinecraftServer.pollTaskInternal(MinecraftServer.java:1428) ~[paper-1.21.4.jar:1.21.4-232-12d8fe0]
	at net.minecraft.server.MinecraftServer.pollTask(MinecraftServer.java:1422) ~[paper-1.21.4.jar:1.21.4-232-12d8fe0]
	at net.minecraft.util.thread.BlockableEventLoop.managedBlock(BlockableEventLoop.java:139) ~[paper-1.21.4.jar:1.21.4-232-12d8fe0]
	at net.minecraft.server.MinecraftServer.managedBlock(MinecraftServer.java:1379) ~[paper-1.21.4.jar:1.21.4-232-12d8fe0]
	at net.minecraft.server.MinecraftServer.waitUntilNextTick(MinecraftServer.java:1387) ~[paper-1.21.4.jar:1.21.4-232-12d8fe0]
	at net.minecraft.server.MinecraftServer.runServer(MinecraftServer.java:1264) ~[paper-1.21.4.jar:1.21.4-232-12d8fe0]
	at net.minecraft.server.MinecraftServer.lambda$spin$2(MinecraftServer.java:310) ~[paper-1.21.4.jar:1.21.4-232-12d8fe0]
	at java.base/java.lang.Thread.run(Thread.java:1583) ~[?:?]
[01:38:46] [Server thread/ERROR]: Could not pass event EntityDamageByEntityEvent to SuperEnchants v3.2.0.1
java.lang.NullPointerException: Cannot invoke "java.lang.Double.doubleValue()" because the return value of "java.util.HashMap.get(Object)" is null
	at SuperEnchants-3.2.0.1-all.jar/com.aznos.superenchants.listener.EntityDamage.onEntityDamage(EntityDamage.java:300) ~[SuperEnchants-3.2.0.1-all.jar:?]
	at co.aikar.timings.TimedEventExecutor.execute(TimedEventExecutor.java:80) ~[paper-api-1.21.4-R0.1-SNAPSHOT.jar:?]
	at org.bukkit.plugin.RegisteredListener.callEvent(RegisteredListener.java:70) ~[paper-api-1.21.4-R0.1-SNAPSHOT.jar:?]
	at io.papermc.paper.plugin.manager.PaperEventManager.callEvent(PaperEventManager.java:54) ~[paper-1.21.4.jar:1.21.4-232-12d8fe0]
	at io.papermc.paper.plugin.manager.PaperPluginManagerImpl.callEvent(PaperPluginManagerImpl.java:131) ~[paper-1.21.4.jar:1.21.4-232-12d8fe0]
	at org.bukkit.plugin.SimplePluginManager.callEvent(SimplePluginManager.java:628) ~[paper-api-1.21.4-R0.1-SNAPSHOT.jar:?]
	at org.bukkit.craftbukkit.event.CraftEventFactory.callEvent(CraftEventFactory.java:276) ~[paper-1.21.4.jar:1.21.4-232-12d8fe0]
	at org.bukkit.craftbukkit.event.CraftEventFactory.callEntityDamageEvent(CraftEventFactory.java:1209) ~[paper-1.21.4.jar:1.21.4-232-12d8fe0]
	at org.bukkit.craftbukkit.event.CraftEventFactory.callEntityDamageEvent(CraftEventFactory.java:1199) ~[paper-1.21.4.jar:1.21.4-232-12d8fe0]
	at org.bukkit.craftbukkit.event.CraftEventFactory.handleEntityDamageEvent(CraftEventFactory.java:1129) ~[paper-1.21.4.jar:1.21.4-232-12d8fe0]
	at org.bukkit.craftbukkit.event.CraftEventFactory.handleEntityDamageEvent(CraftEventFactory.java:1090) ~[paper-1.21.4.jar:1.21.4-232-12d8fe0]
	at org.bukkit.craftbukkit.event.CraftEventFactory.handleLivingEntityDamageEvent(CraftEventFactory.java:1253) ~[paper-1.21.4.jar:1.21.4-232-12d8fe0]
	at net.minecraft.world.entity.LivingEntity.handleEntityDamage(LivingEntity.java:2304) ~[paper-1.21.4.jar:1.21.4-232-12d8fe0]
	at net.minecraft.world.entity.LivingEntity.hurtServer(LivingEntity.java:1433) ~[paper-1.21.4.jar:1.21.4-232-12d8fe0]
	at net.minecraft.world.entity.Entity.hurtOrSimulate(Entity.java:2225) ~[paper-1.21.4.jar:1.21.4-232-12d8fe0]
	at net.minecraft.world.entity.player.Player.attack(Player.java:1291) ~[paper-1.21.4.jar:1.21.4-232-12d8fe0]
	at net.minecraft.server.level.ServerPlayer.attack(ServerPlayer.java:2445) ~[paper-1.21.4.jar:1.21.4-232-12d8fe0]
	at net.minecraft.server.network.ServerGamePacketListenerImpl$2.onAttack(ServerGamePacketListenerImpl.java:2834) ~[paper-1.21.4.jar:1.21.4-232-12d8fe0]
	at net.minecraft.network.protocol.game.ServerboundInteractPacket$1.dispatch(ServerboundInteractPacket.java:29) ~[paper-1.21.4.jar:1.21.4-232-12d8fe0]
	at net.minecraft.network.protocol.game.ServerboundInteractPacket.dispatch(ServerboundInteractPacket.java:91) ~[paper-1.21.4.jar:1.21.4-232-12d8fe0]
	at net.minecraft.server.network.ServerGamePacketListenerImpl.handleInteract(ServerGamePacketListenerImpl.java:2757) ~[paper-1.21.4.jar:1.21.4-232-12d8fe0]
	at net.minecraft.network.protocol.game.ServerboundInteractPacket.handle(ServerboundInteractPacket.java:78) ~[paper-1.21.4.jar:1.21.4-232-12d8fe0]
	at net.minecraft.network.protocol.game.ServerboundInteractPacket.handle(ServerboundInteractPacket.java:14) ~[paper-1.21.4.jar:1.21.4-232-12d8fe0]
	at net.minecraft.network.protocol.PacketUtils.lambda$ensureRunningOnSameThread$0(PacketUtils.java:29) ~[paper-1.21.4.jar:1.21.4-232-12d8fe0]
	at net.minecraft.server.TickTask.run(TickTask.java:18) ~[paper-1.21.4.jar:1.21.4-232-12d8fe0]
	at net.minecraft.util.thread.BlockableEventLoop.doRunTask(BlockableEventLoop.java:155) ~[paper-1.21.4.jar:1.21.4-232-12d8fe0]
	at net.minecraft.util.thread.ReentrantBlockableEventLoop.doRunTask(ReentrantBlockableEventLoop.java:24) ~[paper-1.21.4.jar:1.21.4-232-12d8fe0]
	at net.minecraft.server.MinecraftServer.doRunTask(MinecraftServer.java:1448) ~[paper-1.21.4.jar:1.21.4-232-12d8fe0]
	at net.minecraft.server.MinecraftServer.doRunTask(MinecraftServer.java:176) ~[paper-1.21.4.jar:1.21.4-232-12d8fe0]
	at net.minecraft.util.thread.BlockableEventLoop.pollTask(BlockableEventLoop.java:129) ~[paper-1.21.4.jar:1.21.4-232-12d8fe0]
	at net.minecraft.server.MinecraftServer.pollTaskInternal(MinecraftServer.java:1428) ~[paper-1.21.4.jar:1.21.4-232-12d8fe0]
	at net.minecraft.server.MinecraftServer.pollTask(MinecraftServer.java:1422) ~[paper-1.21.4.jar:1.21.4-232-12d8fe0]
	at net.minecraft.util.thread.BlockableEventLoop.runAllTasks(BlockableEventLoop.java:118) ~[paper-1.21.4.jar:1.21.4-232-12d8fe0]
	at net.minecraft.server.MinecraftServer.waitUntilNextTick(MinecraftServer.java:1383) ~[paper-1.21.4.jar:1.21.4-232-12d8fe0]
	at net.minecraft.server.MinecraftServer.runServer(MinecraftServer.java:1264) ~[paper-1.21.4.jar:1.21.4-232-12d8fe0]
	at net.minecraft.server.MinecraftServer.lambda$spin$2(MinecraftServer.java:310) ~[paper-1.21.4.jar:1.21.4-232-12d8fe0]
	at java.base/java.lang.Thread.run(Thread.java:1583) ~[?:?]
[01:38:54] [Server thread/ERROR]: Could not pass event EntityDamageByEntityEvent to SuperEnchants v3.2.0.1
java.lang.NullPointerException: Cannot invoke "java.lang.Double.doubleValue()" because the return value of "java.util.HashMap.get(Object)" is null
	at SuperEnchants-3.2.0.1-all.jar/com.aznos.superenchants.listener.EntityDamage.onEntityDamage(EntityDamage.java:300) ~[SuperEnchants-3.2.0.1-all.jar:?]
	at co.aikar.timings.TimedEventExecutor.execute(TimedEventExecutor.java:80) ~[paper-api-1.21.4-R0.1-SNAPSHOT.jar:?]
	at org.bukkit.plugin.RegisteredListener.callEvent(RegisteredListener.java:70) ~[paper-api-1.21.4-R0.1-SNAPSHOT.jar:?]
	at io.papermc.paper.plugin.manager.PaperEventManager.callEvent(PaperEventManager.java:54) ~[paper-1.21.4.jar:1.21.4-232-12d8fe0]
	at io.papermc.paper.plugin.manager.PaperPluginManagerImpl.callEvent(PaperPluginManagerImpl.java:131) ~[paper-1.21.4.jar:1.21.4-232-12d8fe0]
	at org.bukkit.plugin.SimplePluginManager.callEvent(SimplePluginManager.java:628) ~[paper-api-1.21.4-R0.1-SNAPSHOT.jar:?]
	at org.bukkit.craftbukkit.event.CraftEventFactory.callEvent(CraftEventFactory.java:276) ~[paper-1.21.4.jar:1.21.4-232-12d8fe0]
	at org.bukkit.craftbukkit.event.CraftEventFactory.callEntityDamageEvent(CraftEventFactory.java:1209) ~[paper-1.21.4.jar:1.21.4-232-12d8fe0]
	at org.bukkit.craftbukkit.event.CraftEventFactory.callEntityDamageEvent(CraftEventFactory.java:1199) ~[paper-1.21.4.jar:1.21.4-232-12d8fe0]
	at org.bukkit.craftbukkit.event.CraftEventFactory.handleEntityDamageEvent(CraftEventFactory.java:1129) ~[paper-1.21.4.jar:1.21.4-232-12d8fe0]
	at org.bukkit.craftbukkit.event.CraftEventFactory.handleEntityDamageEvent(CraftEventFactory.java:1090) ~[paper-1.21.4.jar:1.21.4-232-12d8fe0]
	at org.bukkit.craftbukkit.event.CraftEventFactory.handleLivingEntityDamageEvent(CraftEventFactory.java:1253) ~[paper-1.21.4.jar:1.21.4-232-12d8fe0]
	at net.minecraft.world.entity.LivingEntity.handleEntityDamage(LivingEntity.java:2304) ~[paper-1.21.4.jar:1.21.4-232-12d8fe0]
	at net.minecraft.world.entity.LivingEntity.hurtServer(LivingEntity.java:1433) ~[paper-1.21.4.jar:1.21.4-232-12d8fe0]
	at net.minecraft.world.entity.Entity.hurtOrSimulate(Entity.java:2225) ~[paper-1.21.4.jar:1.21.4-232-12d8fe0]
	at net.minecraft.world.entity.player.Player.attack(Player.java:1291) ~[paper-1.21.4.jar:1.21.4-232-12d8fe0]
	at net.minecraft.server.level.ServerPlayer.attack(ServerPlayer.java:2445) ~[paper-1.21.4.jar:1.21.4-232-12d8fe0]
	at net.minecraft.server.network.ServerGamePacketListenerImpl$2.onAttack(ServerGamePacketListenerImpl.java:2834) ~[paper-1.21.4.jar:1.21.4-232-12d8fe0]
	at net.minecraft.network.protocol.game.ServerboundInteractPacket$1.dispatch(ServerboundInteractPacket.java:29) ~[paper-1.21.4.jar:1.21.4-232-12d8fe0]
	at net.minecraft.network.protocol.game.ServerboundInteractPacket.dispatch(ServerboundInteractPacket.java:91) ~[paper-1.21.4.jar:1.21.4-232-12d8fe0]
	at net.minecraft.server.network.ServerGamePacketListenerImpl.handleInteract(ServerGamePacketListenerImpl.java:2757) ~[paper-1.21.4.jar:1.21.4-232-12d8fe0]
	at net.minecraft.network.protocol.game.ServerboundInteractPacket.handle(ServerboundInteractPacket.java:78) ~[paper-1.21.4.jar:1.21.4-232-12d8fe0]
	at net.minecraft.network.protocol.game.ServerboundInteractPacket.handle(ServerboundInteractPacket.java:14) ~[paper-1.21.4.jar:1.21.4-232-12d8fe0]
	at net.minecraft.network.protocol.PacketUtils.lambda$ensureRunningOnSameThread$0(PacketUtils.java:29) ~[paper-1.21.4.jar:1.21.4-232-12d8fe0]
	at net.minecraft.server.TickTask.run(TickTask.java:18) ~[paper-1.21.4.jar:1.21.4-232-12d8fe0]
	at net.minecraft.util.thread.BlockableEventLoop.doRunTask(BlockableEventLoop.java:155) ~[paper-1.21.4.jar:1.21.4-232-12d8fe0]
	at net.minecraft.util.thread.ReentrantBlockableEventLoop.doRunTask(ReentrantBlockableEventLoop.java:24) ~[paper-1.21.4.jar:1.21.4-232-12d8fe0]
	at net.minecraft.server.MinecraftServer.doRunTask(MinecraftServer.java:1448) ~[paper-1.21.4.jar:1.21.4-232-12d8fe0]
	at net.minecraft.server.MinecraftServer.doRunTask(MinecraftServer.java:176) ~[paper-1.21.4.jar:1.21.4-232-12d8fe0]
	at net.minecraft.util.thread.BlockableEventLoop.pollTask(BlockableEventLoop.java:129) ~[paper-1.21.4.jar:1.21.4-232-12d8fe0]
	at net.minecraft.server.MinecraftServer.pollTaskInternal(MinecraftServer.java:1428) ~[paper-1.21.4.jar:1.21.4-232-12d8fe0]
	at net.minecraft.server.MinecraftServer.pollTask(MinecraftServer.java:1422) ~[paper-1.21.4.jar:1.21.4-232-12d8fe0]
	at net.minecraft.util.thread.BlockableEventLoop.managedBlock(BlockableEventLoop.java:139) ~[paper-1.21.4.jar:1.21.4-232-12d8fe0]
	at net.minecraft.server.MinecraftServer.managedBlock(MinecraftServer.java:1379) ~[paper-1.21.4.jar:1.21.4-232-12d8fe0]
	at net.minecraft.server.MinecraftServer.waitUntilNextTick(MinecraftServer.java:1387) ~[paper-1.21.4.jar:1.21.4-232-12d8fe0]
	at net.minecraft.server.MinecraftServer.runServer(MinecraftServer.java:1264) ~[paper-1.21.4.jar:1.21.4-232-12d8fe0]
	at net.minecraft.server.MinecraftServer.lambda$spin$2(MinecraftServer.java:310) ~[paper-1.21.4.jar:1.21.4-232-12d8fe0]
	at java.base/java.lang.Thread.run(Thread.java:1583) ~[?:?]
[01:39:15] [Server thread/ERROR]: Could not pass event EntityDamageByEntityEvent to SuperEnchants v3.2.0.1
java.lang.IllegalArgumentException: Health value (100.20671844482422) must be between 0 and 20.399999618530273. (attribute base value: 20.0, player: DolphnXM)
	at com.google.common.base.Preconditions.checkArgument(Preconditions.java:483) ~[guava-33.3.1-jre.jar:?]
	at org.bukkit.craftbukkit.entity.CraftLivingEntity.setHealth(CraftLivingEntity.java:112) ~[paper-1.21.4.jar:1.21.4-232-12d8fe0]
	at SuperEnchants-3.2.0.1-all.jar/com.aznos.superenchants.listener.EntityDamage.onEntityDamage(EntityDamage.java:142) ~[SuperEnchants-3.2.0.1-all.jar:?]
	at co.aikar.timings.TimedEventExecutor.execute(TimedEventExecutor.java:80) ~[paper-api-1.21.4-R0.1-SNAPSHOT.jar:?]
	at org.bukkit.plugin.RegisteredListener.callEvent(RegisteredListener.java:70) ~[paper-api-1.21.4-R0.1-SNAPSHOT.jar:?]
	at io.papermc.paper.plugin.manager.PaperEventManager.callEvent(PaperEventManager.java:54) ~[paper-1.21.4.jar:1.21.4-232-12d8fe0]
	at io.papermc.paper.plugin.manager.PaperPluginManagerImpl.callEvent(PaperPluginManagerImpl.java:131) ~[paper-1.21.4.jar:1.21.4-232-12d8fe0]
	at org.bukkit.plugin.SimplePluginManager.callEvent(SimplePluginManager.java:628) ~[paper-api-1.21.4-R0.1-SNAPSHOT.jar:?]
	at org.bukkit.craftbukkit.event.CraftEventFactory.callEvent(CraftEventFactory.java:276) ~[paper-1.21.4.jar:1.21.4-232-12d8fe0]
	at org.bukkit.craftbukkit.event.CraftEventFactory.callEntityDamageEvent(CraftEventFactory.java:1209) ~[paper-1.21.4.jar:1.21.4-232-12d8fe0]
	at org.bukkit.craftbukkit.event.CraftEventFactory.callEntityDamageEvent(CraftEventFactory.java:1199) ~[paper-1.21.4.jar:1.21.4-232-12d8fe0]
	at org.bukkit.craftbukkit.event.CraftEventFactory.handleEntityDamageEvent(CraftEventFactory.java:1129) ~[paper-1.21.4.jar:1.21.4-232-12d8fe0]
	at org.bukkit.craftbukkit.event.CraftEventFactory.handleEntityDamageEvent(CraftEventFactory.java:1090) ~[paper-1.21.4.jar:1.21.4-232-12d8fe0]
	at org.bukkit.craftbukkit.event.CraftEventFactory.handleLivingEntityDamageEvent(CraftEventFactory.java:1253) ~[paper-1.21.4.jar:1.21.4-232-12d8fe0]
	at net.minecraft.world.entity.LivingEntity.handleEntityDamage(LivingEntity.java:2304) ~[paper-1.21.4.jar:1.21.4-232-12d8fe0]
	at net.minecraft.world.entity.LivingEntity.hurtServer(LivingEntity.java:1433) ~[paper-1.21.4.jar:1.21.4-232-12d8fe0]
	at net.minecraft.world.entity.monster.Zombie.hurtServer(Zombie.java:325) ~[paper-1.21.4.jar:1.21.4-232-12d8fe0]
	at net.minecraft.world.entity.Entity.hurtOrSimulate(Entity.java:2225) ~[paper-1.21.4.jar:1.21.4-232-12d8fe0]
	at net.minecraft.world.entity.player.Player.attack(Player.java:1291) ~[paper-1.21.4.jar:1.21.4-232-12d8fe0]
	at net.minecraft.server.level.ServerPlayer.attack(ServerPlayer.java:2445) ~[paper-1.21.4.jar:1.21.4-232-12d8fe0]
	at net.minecraft.server.network.ServerGamePacketListenerImpl$2.onAttack(ServerGamePacketListenerImpl.java:2834) ~[paper-1.21.4.jar:1.21.4-232-12d8fe0]
	at net.minecraft.network.protocol.game.ServerboundInteractPacket$1.dispatch(ServerboundInteractPacket.java:29) ~[paper-1.21.4.jar:1.21.4-232-12d8fe0]
	at net.minecraft.network.protocol.game.ServerboundInteractPacket.dispatch(ServerboundInteractPacket.java:91) ~[paper-1.21.4.jar:1.21.4-232-12d8fe0]
	at net.minecraft.server.network.ServerGamePacketListenerImpl.handleInteract(ServerGamePacketListenerImpl.java:2757) ~[paper-1.21.4.jar:1.21.4-232-12d8fe0]
	at net.minecraft.network.protocol.game.ServerboundInteractPacket.handle(ServerboundInteractPacket.java:78) ~[paper-1.21.4.jar:1.21.4-232-12d8fe0]
	at net.minecraft.network.protocol.game.ServerboundInteractPacket.handle(ServerboundInteractPacket.java:14) ~[paper-1.21.4.jar:1.21.4-232-12d8fe0]
	at net.minecraft.network.protocol.PacketUtils.lambda$ensureRunningOnSameThread$0(PacketUtils.java:29) ~[paper-1.21.4.jar:1.21.4-232-12d8fe0]
	at net.minecraft.server.TickTask.run(TickTask.java:18) ~[paper-1.21.4.jar:1.21.4-232-12d8fe0]
	at net.minecraft.util.thread.BlockableEventLoop.doRunTask(BlockableEventLoop.java:155) ~[paper-1.21.4.jar:1.21.4-232-12d8fe0]
	at net.minecraft.util.thread.ReentrantBlockableEventLoop.doRunTask(ReentrantBlockableEventLoop.java:24) ~[paper-1.21.4.jar:1.21.4-232-12d8fe0]
	at net.minecraft.server.MinecraftServer.doRunTask(MinecraftServer.java:1448) ~[paper-1.21.4.jar:1.21.4-232-12d8fe0]
	at net.minecraft.server.MinecraftServer.doRunTask(MinecraftServer.java:176) ~[paper-1.21.4.jar:1.21.4-232-12d8fe0]
	at net.minecraft.util.thread.BlockableEventLoop.pollTask(BlockableEventLoop.java:129) ~[paper-1.21.4.jar:1.21.4-232-12d8fe0]
	at net.minecraft.server.MinecraftServer.pollTaskInternal(MinecraftServer.java:1428) ~[paper-1.21.4.jar:1.21.4-232-12d8fe0]
	at net.minecraft.server.MinecraftServer.pollTask(MinecraftServer.java:1422) ~[paper-1.21.4.jar:1.21.4-232-12d8fe0]
	at net.minecraft.util.thread.BlockableEventLoop.managedBlock(BlockableEventLoop.java:139) ~[paper-1.21.4.jar:1.21.4-232-12d8fe0]
	at net.minecraft.server.MinecraftServer.managedBlock(MinecraftServer.java:1379) ~[paper-1.21.4.jar:1.21.4-232-12d8fe0]
	at net.minecraft.server.MinecraftServer.waitUntilNextTick(MinecraftServer.java:1387) ~[paper-1.21.4.jar:1.21.4-232-12d8fe0]
	at net.minecraft.server.MinecraftServer.runServer(MinecraftServer.java:1264) ~[paper-1.21.4.jar:1.21.4-232-12d8fe0]
	at net.minecraft.server.MinecraftServer.lambda$spin$2(MinecraftServer.java:310) ~[paper-1.21.4.jar:1.21.4-232-12d8fe0]
	at java.base/java.lang.Thread.run(Thread.java:1583) ~[?:?]
[01:39:27] [Server thread/ERROR]: Could not pass event EntityDamageByEntityEvent to SuperEnchants v3.2.0.1
java.lang.NullPointerException: Cannot invoke "java.lang.Double.doubleValue()" because the return value of "java.util.HashMap.get(Object)" is null
	at SuperEnchants-3.2.0.1-all.jar/com.aznos.superenchants.listener.EntityDamage.onEntityDamage(EntityDamage.java:300) ~[SuperEnchants-3.2.0.1-all.jar:?]
	at co.aikar.timings.TimedEventExecutor.execute(TimedEventExecutor.java:80) ~[paper-api-1.21.4-R0.1-SNAPSHOT.jar:?]
	at org.bukkit.plugin.RegisteredListener.callEvent(RegisteredListener.java:70) ~[paper-api-1.21.4-R0.1-SNAPSHOT.jar:?]
	at io.papermc.paper.plugin.manager.PaperEventManager.callEvent(PaperEventManager.java:54) ~[paper-1.21.4.jar:1.21.4-232-12d8fe0]
	at io.papermc.paper.plugin.manager.PaperPluginManagerImpl.callEvent(PaperPluginManagerImpl.java:131) ~[paper-1.21.4.jar:1.21.4-232-12d8fe0]
	at org.bukkit.plugin.SimplePluginManager.callEvent(SimplePluginManager.java:628) ~[paper-api-1.21.4-R0.1-SNAPSHOT.jar:?]
	at org.bukkit.craftbukkit.event.CraftEventFactory.callEvent(CraftEventFactory.java:276) ~[paper-1.21.4.jar:1.21.4-232-12d8fe0]
	at org.bukkit.craftbukkit.event.CraftEventFactory.callEntityDamageEvent(CraftEventFactory.java:1209) ~[paper-1.21.4.jar:1.21.4-232-12d8fe0]
	at org.bukkit.craftbukkit.event.CraftEventFactory.callEntityDamageEvent(CraftEventFactory.java:1199) ~[paper-1.21.4.jar:1.21.4-232-12d8fe0]
	at org.bukkit.craftbukkit.event.CraftEventFactory.handleEntityDamageEvent(CraftEventFactory.java:1129) ~[paper-1.21.4.jar:1.21.4-232-12d8fe0]
	at org.bukkit.craftbukkit.event.CraftEventFactory.handleEntityDamageEvent(CraftEventFactory.java:1090) ~[paper-1.21.4.jar:1.21.4-232-12d8fe0]
	at org.bukkit.craftbukkit.event.CraftEventFactory.handleLivingEntityDamageEvent(CraftEventFactory.java:1253) ~[paper-1.21.4.jar:1.21.4-232-12d8fe0]
	at net.minecraft.world.entity.LivingEntity.handleEntityDamage(LivingEntity.java:2304) ~[paper-1.21.4.jar:1.21.4-232-12d8fe0]
	at net.minecraft.world.entity.LivingEntity.hurtServer(LivingEntity.java:1433) ~[paper-1.21.4.jar:1.21.4-232-12d8fe0]
	at net.minecraft.world.entity.Entity.hurtOrSimulate(Entity.java:2225) ~[paper-1.21.4.jar:1.21.4-232-12d8fe0]
	at net.minecraft.world.entity.player.Player.attack(Player.java:1291) ~[paper-1.21.4.jar:1.21.4-232-12d8fe0]
	at net.minecraft.server.level.ServerPlayer.attack(ServerPlayer.java:2445) ~[paper-1.21.4.jar:1.21.4-232-12d8fe0]
	at net.minecraft.server.network.ServerGamePacketListenerImpl$2.onAttack(ServerGamePacketListenerImpl.java:2834) ~[paper-1.21.4.jar:1.21.4-232-12d8fe0]
	at net.minecraft.network.protocol.game.ServerboundInteractPacket$1.dispatch(ServerboundInteractPacket.java:29) ~[paper-1.21.4.jar:1.21.4-232-12d8fe0]
	at net.minecraft.network.protocol.game.ServerboundInteractPacket.dispatch(ServerboundInteractPacket.java:91) ~[paper-1.21.4.jar:1.21.4-232-12d8fe0]
	at net.minecraft.server.network.ServerGamePacketListenerImpl.handleInteract(ServerGamePacketListenerImpl.java:2757) ~[paper-1.21.4.jar:1.21.4-232-12d8fe0]
	at net.minecraft.network.protocol.game.ServerboundInteractPacket.handle(ServerboundInteractPacket.java:78) ~[paper-1.21.4.jar:1.21.4-232-12d8fe0]
	at net.minecraft.network.protocol.game.ServerboundInteractPacket.handle(ServerboundInteractPacket.java:14) ~[paper-1.21.4.jar:1.21.4-232-12d8fe0]
	at net.minecraft.network.protocol.PacketUtils.lambda$ensureRunningOnSameThread$0(PacketUtils.java:29) ~[paper-1.21.4.jar:1.21.4-232-12d8fe0]
	at net.minecraft.server.TickTask.run(TickTask.java:18) ~[paper-1.21.4.jar:1.21.4-232-12d8fe0]
	at net.minecraft.util.thread.BlockableEventLoop.doRunTask(BlockableEventLoop.java:155) ~[paper-1.21.4.jar:1.21.4-232-12d8fe0]
	at net.minecraft.util.thread.ReentrantBlockableEventLoop.doRunTask(ReentrantBlockableEventLoop.java:24) ~[paper-1.21.4.jar:1.21.4-232-12d8fe0]
	at net.minecraft.server.MinecraftServer.doRunTask(MinecraftServer.java:1448) ~[paper-1.21.4.jar:1.21.4-232-12d8fe0]
	at net.minecraft.server.MinecraftServer.doRunTask(MinecraftServer.java:176) ~[paper-1.21.4.jar:1.21.4-232-12d8fe0]
	at net.minecraft.util.thread.BlockableEventLoop.pollTask(BlockableEventLoop.java:129) ~[paper-1.21.4.jar:1.21.4-232-12d8fe0]
	at net.minecraft.server.MinecraftServer.pollTaskInternal(MinecraftServer.java:1428) ~[paper-1.21.4.jar:1.21.4-232-12d8fe0]
	at net.minecraft.server.MinecraftServer.pollTask(MinecraftServer.java:1422) ~[paper-1.21.4.jar:1.21.4-232-12d8fe0]
	at net.minecraft.util.thread.BlockableEventLoop.managedBlock(BlockableEventLoop.java:139) ~[paper-1.21.4.jar:1.21.4-232-12d8fe0]
	at net.minecraft.server.MinecraftServer.managedBlock(MinecraftServer.java:1379) ~[paper-1.21.4.jar:1.21.4-232-12d8fe0]
	at net.minecraft.server.MinecraftServer.waitUntilNextTick(MinecraftServer.java:1387) ~[paper-1.21.4.jar:1.21.4-232-12d8fe0]
	at net.minecraft.server.MinecraftServer.runServer(MinecraftServer.java:1264) ~[paper-1.21.4.jar:1.21.4-232-12d8fe0]
	at net.minecraft.server.MinecraftServer.lambda$spin$2(MinecraftServer.java:310) ~[paper-1.21.4.jar:1.21.4-232-12d8fe0]
	at java.base/java.lang.Thread.run(Thread.java:1583) ~[?:?]
[01:39:41] [Server thread/ERROR]: Could not pass event EntityDamageByEntityEvent to SuperEnchants v3.2.0.1
java.lang.NullPointerException: Cannot invoke "java.lang.Double.doubleValue()" because the return value of "java.util.HashMap.get(Object)" is null
	at SuperEnchants-3.2.0.1-all.jar/com.aznos.superenchants.listener.EntityDamage.onEntityDamage(EntityDamage.java:300) ~[SuperEnchants-3.2.0.1-all.jar:?]
	at co.aikar.timings.TimedEventExecutor.execute(TimedEventExecutor.java:80) ~[paper-api-1.21.4-R0.1-SNAPSHOT.jar:?]
	at org.bukkit.plugin.RegisteredListener.callEvent(RegisteredListener.java:70) ~[paper-api-1.21.4-R0.1-SNAPSHOT.jar:?]
	at io.papermc.paper.plugin.manager.PaperEventManager.callEvent(PaperEventManager.java:54) ~[paper-1.21.4.jar:1.21.4-232-12d8fe0]
	at io.papermc.paper.plugin.manager.PaperPluginManagerImpl.callEvent(PaperPluginManagerImpl.java:131) ~[paper-1.21.4.jar:1.21.4-232-12d8fe0]
	at org.bukkit.plugin.SimplePluginManager.callEvent(SimplePluginManager.java:628) ~[paper-api-1.21.4-R0.1-SNAPSHOT.jar:?]
	at org.bukkit.craftbukkit.event.CraftEventFactory.callEvent(CraftEventFactory.java:276) ~[paper-1.21.4.jar:1.21.4-232-12d8fe0]
	at org.bukkit.craftbukkit.event.CraftEventFactory.callEntityDamageEvent(CraftEventFactory.java:1209) ~[paper-1.21.4.jar:1.21.4-232-12d8fe0]
	at org.bukkit.craftbukkit.event.CraftEventFactory.callEntityDamageEvent(CraftEventFactory.java:1199) ~[paper-1.21.4.jar:1.21.4-232-12d8fe0]
	at org.bukkit.craftbukkit.event.CraftEventFactory.handleEntityDamageEvent(CraftEventFactory.java:1129) ~[paper-1.21.4.jar:1.21.4-232-12d8fe0]
	at org.bukkit.craftbukkit.event.CraftEventFactory.handleEntityDamageEvent(CraftEventFactory.java:1090) ~[paper-1.21.4.jar:1.21.4-232-12d8fe0]
	at org.bukkit.craftbukkit.event.CraftEventFactory.handleLivingEntityDamageEvent(CraftEventFactory.java:1253) ~[paper-1.21.4.jar:1.21.4-232-12d8fe0]
	at net.minecraft.world.entity.LivingEntity.handleEntityDamage(LivingEntity.java:2304) ~[paper-1.21.4.jar:1.21.4-232-12d8fe0]
	at net.minecraft.world.entity.LivingEntity.hurtServer(LivingEntity.java:1433) ~[paper-1.21.4.jar:1.21.4-232-12d8fe0]
	at net.minecraft.world.entity.monster.Zombie.hurtServer(Zombie.java:325) ~[paper-1.21.4.jar:1.21.4-232-12d8fe0]
	at net.minecraft.world.entity.Entity.hurtOrSimulate(Entity.java:2225) ~[paper-1.21.4.jar:1.21.4-232-12d8fe0]
	at net.minecraft.world.entity.player.Player.attack(Player.java:1291) ~[paper-1.21.4.jar:1.21.4-232-12d8fe0]
	at net.minecraft.server.level.ServerPlayer.attack(ServerPlayer.java:2445) ~[paper-1.21.4.jar:1.21.4-232-12d8fe0]
	at net.minecraft.server.network.ServerGamePacketListenerImpl$2.onAttack(ServerGamePacketListenerImpl.java:2834) ~[paper-1.21.4.jar:1.21.4-232-12d8fe0]
	at net.minecraft.network.protocol.game.ServerboundInteractPacket$1.dispatch(ServerboundInteractPacket.java:29) ~[paper-1.21.4.jar:1.21.4-232-12d8fe0]
	at net.minecraft.network.protocol.game.ServerboundInteractPacket.dispatch(ServerboundInteractPacket.java:91) ~[paper-1.21.4.jar:1.21.4-232-12d8fe0]
	at net.minecraft.server.network.ServerGamePacketListenerImpl.handleInteract(ServerGamePacketListenerImpl.java:2757) ~[paper-1.21.4.jar:1.21.4-232-12d8fe0]
	at net.minecraft.network.protocol.game.ServerboundInteractPacket.handle(ServerboundInteractPacket.java:78) ~[paper-1.21.4.jar:1.21.4-232-12d8fe0]
	at net.minecraft.network.protocol.game.ServerboundInteractPacket.handle(ServerboundInteractPacket.java:14) ~[paper-1.21.4.jar:1.21.4-232-12d8fe0]
	at net.minecraft.network.protocol.PacketUtils.lambda$ensureRunningOnSameThread$0(PacketUtils.java:29) ~[paper-1.21.4.jar:1.21.4-232-12d8fe0]
	at net.minecraft.server.TickTask.run(TickTask.java:18) ~[paper-1.21.4.jar:1.21.4-232-12d8fe0]
	at net.minecraft.util.thread.BlockableEventLoop.doRunTask(BlockableEventLoop.java:155) ~[paper-1.21.4.jar:1.21.4-232-12d8fe0]
	at net.minecraft.util.thread.ReentrantBlockableEventLoop.doRunTask(ReentrantBlockableEventLoop.java:24) ~[paper-1.21.4.jar:1.21.4-232-12d8fe0]
	at net.minecraft.server.MinecraftServer.doRunTask(MinecraftServer.java:1448) ~[paper-1.21.4.jar:1.21.4-232-12d8fe0]
	at net.minecraft.server.MinecraftServer.doRunTask(MinecraftServer.java:176) ~[paper-1.21.4.jar:1.21.4-232-12d8fe0]
	at net.minecraft.util.thread.BlockableEventLoop.pollTask(BlockableEventLoop.java:129) ~[paper-1.21.4.jar:1.21.4-232-12d8fe0]
	at net.minecraft.server.MinecraftServer.pollTaskInternal(MinecraftServer.java:1428) ~[paper-1.21.4.jar:1.21.4-232-12d8fe0]
	at net.minecraft.server.MinecraftServer.pollTask(MinecraftServer.java:1422) ~[paper-1.21.4.jar:1.21.4-232-12d8fe0]
	at net.minecraft.util.thread.BlockableEventLoop.runAllTasks(BlockableEventLoop.java:118) ~[paper-1.21.4.jar:1.21.4-232-12d8fe0]
	at net.minecraft.server.MinecraftServer.waitUntilNextTick(MinecraftServer.java:1383) ~[paper-1.21.4.jar:1.21.4-232-12d8fe0]
	at net.minecraft.server.MinecraftServer.runServer(MinecraftServer.java:1264) ~[paper-1.21.4.jar:1.21.4-232-12d8fe0]
	at net.minecraft.server.MinecraftServer.lambda$spin$2(MinecraftServer.java:310) ~[paper-1.21.4.jar:1.21.4-232-12d8fe0]
	at java.base/java.lang.Thread.run(Thread.java:1583) ~[?:?]
[01:39:51] [Server thread/ERROR]: Could not pass event PlayerArmorChangeEvent to SuperEnchants v3.2.0.1
java.lang.IllegalArgumentException: Health value (-4.0) must be greater than 0
	at com.google.common.base.Preconditions.checkArgument(Preconditions.java:218) ~[guava-33.3.1-jre.jar:?]
	at org.bukkit.craftbukkit.entity.CraftPlayer.setHealthScale(CraftPlayer.java:2784) ~[paper-1.21.4.jar:1.21.4-232-12d8fe0]
	at SuperEnchants-3.2.0.1-all.jar/com.aznos.superenchants.listener.ArmorChange.onArmorChange(ArmorChange.java:61) ~[SuperEnchants-3.2.0.1-all.jar:?]
	at co.aikar.timings.TimedEventExecutor.execute(TimedEventExecutor.java:80) ~[paper-api-1.21.4-R0.1-SNAPSHOT.jar:?]
	at org.bukkit.plugin.RegisteredListener.callEvent(RegisteredListener.java:70) ~[paper-api-1.21.4-R0.1-SNAPSHOT.jar:?]
	at io.papermc.paper.plugin.manager.PaperEventManager.callEvent(PaperEventManager.java:54) ~[paper-1.21.4.jar:1.21.4-232-12d8fe0]
	at io.papermc.paper.plugin.manager.PaperPluginManagerImpl.callEvent(PaperPluginManagerImpl.java:131) ~[paper-1.21.4.jar:1.21.4-232-12d8fe0]
	at org.bukkit.plugin.SimplePluginManager.callEvent(SimplePluginManager.java:628) ~[paper-api-1.21.4-R0.1-SNAPSHOT.jar:?]
	at org.bukkit.event.Event.callEvent(Event.java:45) ~[paper-api-1.21.4-R0.1-SNAPSHOT.jar:?]
	at net.minecraft.world.entity.LivingEntity.collectEquipmentChanges(LivingEntity.java:3263) ~[paper-1.21.4.jar:1.21.4-232-12d8fe0]
	at net.minecraft.world.entity.LivingEntity.detectEquipmentUpdatesPublic(LivingEntity.java:3224) ~[paper-1.21.4.jar:1.21.4-232-12d8fe0]
	at net.minecraft.server.network.ServerGamePacketListenerImpl.handleContainerClick(ServerGamePacketListenerImpl.java:3288) ~[paper-1.21.4.jar:1.21.4-232-12d8fe0]
	at net.minecraft.network.protocol.game.ServerboundContainerClickPacket.handle(ServerboundContainerClickPacket.java:69) ~[paper-1.21.4.jar:1.21.4-232-12d8fe0]
	at net.minecraft.network.protocol.game.ServerboundContainerClickPacket.handle(ServerboundContainerClickPacket.java:14) ~[paper-1.21.4.jar:1.21.4-232-12d8fe0]
	at net.minecraft.network.protocol.PacketUtils.lambda$ensureRunningOnSameThread$0(PacketUtils.java:29) ~[paper-1.21.4.jar:1.21.4-232-12d8fe0]
	at net.minecraft.server.TickTask.run(TickTask.java:18) ~[paper-1.21.4.jar:1.21.4-232-12d8fe0]
	at net.minecraft.util.thread.BlockableEventLoop.doRunTask(BlockableEventLoop.java:155) ~[paper-1.21.4.jar:1.21.4-232-12d8fe0]
	at net.minecraft.util.thread.ReentrantBlockableEventLoop.doRunTask(ReentrantBlockableEventLoop.java:24) ~[paper-1.21.4.jar:1.21.4-232-12d8fe0]
	at net.minecraft.server.MinecraftServer.doRunTask(MinecraftServer.java:1448) ~[paper-1.21.4.jar:1.21.4-232-12d8fe0]
	at net.minecraft.server.MinecraftServer.doRunTask(MinecraftServer.java:176) ~[paper-1.21.4.jar:1.21.4-232-12d8fe0]
	at net.minecraft.util.thread.BlockableEventLoop.pollTask(BlockableEventLoop.java:129) ~[paper-1.21.4.jar:1.21.4-232-12d8fe0]
	at net.minecraft.server.MinecraftServer.pollTaskInternal(MinecraftServer.java:1428) ~[paper-1.21.4.jar:1.21.4-232-12d8fe0]
	at net.minecraft.server.MinecraftServer.pollTask(MinecraftServer.java:1422) ~[paper-1.21.4.jar:1.21.4-232-12d8fe0]
	at net.minecraft.util.thread.BlockableEventLoop.managedBlock(BlockableEventLoop.java:139) ~[paper-1.21.4.jar:1.21.4-232-12d8fe0]
	at net.minecraft.server.MinecraftServer.managedBlock(MinecraftServer.java:1379) ~[paper-1.21.4.jar:1.21.4-232-12d8fe0]
	at net.minecraft.server.MinecraftServer.waitUntilNextTick(MinecraftServer.java:1387) ~[paper-1.21.4.jar:1.21.4-232-12d8fe0]
	at net.minecraft.server.MinecraftServer.runServer(MinecraftServer.java:1264) ~[paper-1.21.4.jar:1.21.4-232-12d8fe0]
	at net.minecraft.server.MinecraftServer.lambda$spin$2(MinecraftServer.java:310) ~[paper-1.21.4.jar:1.21.4-232-12d8fe0]
	at java.base/java.lang.Thread.run(Thread.java:1583) ~[?:?]
[01:39:51] [Server thread/ERROR]: Could not pass event PlayerArmorChangeEvent to SuperEnchants v3.2.0.1
java.lang.IllegalArgumentException: Health value (-4.0) must be greater than 0
	at com.google.common.base.Preconditions.checkArgument(Preconditions.java:218) ~[guava-33.3.1-jre.jar:?]
	at org.bukkit.craftbukkit.entity.CraftPlayer.setHealthScale(CraftPlayer.java:2784) ~[paper-1.21.4.jar:1.21.4-232-12d8fe0]
	at SuperEnchants-3.2.0.1-all.jar/com.aznos.superenchants.listener.ArmorChange.onArmorChange(ArmorChange.java:61) ~[SuperEnchants-3.2.0.1-all.jar:?]
	at co.aikar.timings.TimedEventExecutor.execute(TimedEventExecutor.java:80) ~[paper-api-1.21.4-R0.1-SNAPSHOT.jar:?]
	at org.bukkit.plugin.RegisteredListener.callEvent(RegisteredListener.java:70) ~[paper-api-1.21.4-R0.1-SNAPSHOT.jar:?]
	at io.papermc.paper.plugin.manager.PaperEventManager.callEvent(PaperEventManager.java:54) ~[paper-1.21.4.jar:1.21.4-232-12d8fe0]
	at io.papermc.paper.plugin.manager.PaperPluginManagerImpl.callEvent(PaperPluginManagerImpl.java:131) ~[paper-1.21.4.jar:1.21.4-232-12d8fe0]
	at org.bukkit.plugin.SimplePluginManager.callEvent(SimplePluginManager.java:628) ~[paper-api-1.21.4-R0.1-SNAPSHOT.jar:?]
	at org.bukkit.event.Event.callEvent(Event.java:45) ~[paper-api-1.21.4-R0.1-SNAPSHOT.jar:?]
	at net.minecraft.world.entity.LivingEntity.collectEquipmentChanges(LivingEntity.java:3263) ~[paper-1.21.4.jar:1.21.4-232-12d8fe0]
	at net.minecraft.world.entity.LivingEntity.detectEquipmentUpdatesPublic(LivingEntity.java:3224) ~[paper-1.21.4.jar:1.21.4-232-12d8fe0]
	at net.minecraft.server.network.ServerGamePacketListenerImpl.handleContainerClick(ServerGamePacketListenerImpl.java:3288) ~[paper-1.21.4.jar:1.21.4-232-12d8fe0]
	at net.minecraft.network.protocol.game.ServerboundContainerClickPacket.handle(ServerboundContainerClickPacket.java:69) ~[paper-1.21.4.jar:1.21.4-232-12d8fe0]
	at net.minecraft.network.protocol.game.ServerboundContainerClickPacket.handle(ServerboundContainerClickPacket.java:14) ~[paper-1.21.4.jar:1.21.4-232-12d8fe0]
	at net.minecraft.network.protocol.PacketUtils.lambda$ensureRunningOnSameThread$0(PacketUtils.java:29) ~[paper-1.21.4.jar:1.21.4-232-12d8fe0]
	at net.minecraft.server.TickTask.run(TickTask.java:18) ~[paper-1.21.4.jar:1.21.4-232-12d8fe0]
	at net.minecraft.util.thread.BlockableEventLoop.doRunTask(BlockableEventLoop.java:155) ~[paper-1.21.4.jar:1.21.4-232-12d8fe0]
	at net.minecraft.util.thread.ReentrantBlockableEventLoop.doRunTask(ReentrantBlockableEventLoop.java:24) ~[paper-1.21.4.jar:1.21.4-232-12d8fe0]
	at net.minecraft.server.MinecraftServer.doRunTask(MinecraftServer.java:1448) ~[paper-1.21.4.jar:1.21.4-232-12d8fe0]
	at net.minecraft.server.MinecraftServer.doRunTask(MinecraftServer.java:176) ~[paper-1.21.4.jar:1.21.4-232-12d8fe0]
	at net.minecraft.util.thread.BlockableEventLoop.pollTask(BlockableEventLoop.java:129) ~[paper-1.21.4.jar:1.21.4-232-12d8fe0]
	at net.minecraft.server.MinecraftServer.pollTaskInternal(MinecraftServer.java:1428) ~[paper-1.21.4.jar:1.21.4-232-12d8fe0]
	at net.minecraft.server.MinecraftServer.pollTask(MinecraftServer.java:1422) ~[paper-1.21.4.jar:1.21.4-232-12d8fe0]
	at net.minecraft.util.thread.BlockableEventLoop.managedBlock(BlockableEventLoop.java:139) ~[paper-1.21.4.jar:1.21.4-232-12d8fe0]
	at net.minecraft.server.MinecraftServer.managedBlock(MinecraftServer.java:1379) ~[paper-1.21.4.jar:1.21.4-232-12d8fe0]
	at net.minecraft.server.MinecraftServer.waitUntilNextTick(MinecraftServer.java:1387) ~[paper-1.21.4.jar:1.21.4-232-12d8fe0]
	at net.minecraft.server.MinecraftServer.runServer(MinecraftServer.java:1264) ~[paper-1.21.4.jar:1.21.4-232-12d8fe0]
	at net.minecraft.server.MinecraftServer.lambda$spin$2(MinecraftServer.java:310) ~[paper-1.21.4.jar:1.21.4-232-12d8fe0]
	at java.base/java.lang.Thread.run(Thread.java:1583) ~[?:?]
[01:41:39] [Server thread/ERROR]: [ca.spottedleaf.moonrise.patches.chunk_system.scheduling.NewChunkHolder] Failed to save entity data (68,17) in world 'world'
net.minecraft.ReportedException: Saving entity NBT
	at net.minecraft.world.entity.Entity.saveWithoutId(Entity.java:2530) ~[paper-1.21.4.jar:1.21.4-232-12d8fe0]
	at net.minecraft.world.entity.Entity.saveAsPassenger(Entity.java:2370) ~[paper-1.21.4.jar:1.21.4-232-12d8fe0]
	at net.minecraft.world.entity.Entity.saveAsPassenger(Entity.java:2357) ~[paper-1.21.4.jar:1.21.4-232-12d8fe0]
	at net.minecraft.world.entity.Entity.save(Entity.java:2377) ~[paper-1.21.4.jar:1.21.4-232-12d8fe0]
	at ca.spottedleaf.moonrise.patches.chunk_system.level.entity.ChunkEntitySlices.saveEntityChunk0(ChunkEntitySlices.java:120) ~[paper-1.21.4.jar:1.21.4-232-12d8fe0]
	at ca.spottedleaf.moonrise.patches.chunk_system.level.entity.ChunkEntitySlices.saveEntityChunk(ChunkEntitySlices.java:98) ~[paper-1.21.4.jar:1.21.4-232-12d8fe0]
	at ca.spottedleaf.moonrise.patches.chunk_system.level.entity.ChunkEntitySlices.save(ChunkEntitySlices.java:150) ~[paper-1.21.4.jar:1.21.4-232-12d8fe0]
	at ca.spottedleaf.moonrise.patches.chunk_system.scheduling.NewChunkHolder.saveEntities(NewChunkHolder.java:1805) ~[paper-1.21.4.jar:1.21.4-232-12d8fe0]
	at ca.spottedleaf.moonrise.patches.chunk_system.scheduling.NewChunkHolder.save(NewChunkHolder.java:1727) ~[paper-1.21.4.jar:1.21.4-232-12d8fe0]
	at ca.spottedleaf.moonrise.patches.chunk_system.scheduling.ChunkHolderManager.autoSave(ChunkHolderManager.java:247) ~[paper-1.21.4.jar:1.21.4-232-12d8fe0]
	at net.minecraft.server.level.ChunkMap.processUnloads(ChunkMap.java:430) ~[paper-1.21.4.jar:1.21.4-232-12d8fe0]
	at net.minecraft.server.level.ChunkMap.tick(ChunkMap.java:418) ~[paper-1.21.4.jar:1.21.4-232-12d8fe0]
	at net.minecraft.server.level.ServerChunkCache.tick(ServerChunkCache.java:499) ~[paper-1.21.4.jar:1.21.4-232-12d8fe0]
	at net.minecraft.server.level.ServerLevel.tick(ServerLevel.java:776) ~[paper-1.21.4.jar:1.21.4-232-12d8fe0]
	at net.minecraft.server.MinecraftServer.tickChildren(MinecraftServer.java:1724) ~[paper-1.21.4.jar:1.21.4-232-12d8fe0]
	at net.minecraft.server.MinecraftServer.tickServer(MinecraftServer.java:1529) ~[paper-1.21.4.jar:1.21.4-232-12d8fe0]
	at net.minecraft.server.MinecraftServer.runServer(MinecraftServer.java:1251) ~[paper-1.21.4.jar:1.21.4-232-12d8fe0]
	at net.minecraft.server.MinecraftServer.lambda$spin$2(MinecraftServer.java:310) ~[paper-1.21.4.jar:1.21.4-232-12d8fe0]
	at java.base/java.lang.Thread.run(Thread.java:1583) ~[?:?]
Caused by: java.lang.IllegalStateException: Value must be within range [1;99]: 100
	at com.mojang.serialization.DataResult$Error.getOrThrow(DataResult.java:287) ~[datafixerupper-8.0.16.jar:?]
	at com.mojang.serialization.DataResult.getOrThrow(DataResult.java:81) ~[datafixerupper-8.0.16.jar:?]
	at net.minecraft.world.item.ItemStack.save(ItemStack.java:606) ~[paper-1.21.4.jar:1.21.4-232-12d8fe0]
	at net.minecraft.world.entity.item.ItemEntity.addAdditionalSaveData(ItemEntity.java:383) ~[paper-1.21.4.jar:1.21.4-232-12d8fe0]
	at net.minecraft.world.entity.Entity.addAdditionalSaveData(Entity.java:2700) ~[paper-1.21.4.jar:1.21.4-232-12d8fe0]
	at net.minecraft.world.entity.Entity.saveWithoutId(Entity.java:2482) ~[paper-1.21.4.jar:1.21.4-232-12d8fe0]
	... 18 more
[01:42:06] [Server thread/INFO]: DolphnXM fell from a high place
[01:42:25] [Server thread/ERROR]: Could not pass event PlayerArmorChangeEvent to SuperEnchants v3.2.0.1
java.lang.IllegalArgumentException: Health value (-4.0) must be greater than 0
	at com.google.common.base.Preconditions.checkArgument(Preconditions.java:218) ~[guava-33.3.1-jre.jar:?]
	at org.bukkit.craftbukkit.entity.CraftPlayer.setHealthScale(CraftPlayer.java:2784) ~[paper-1.21.4.jar:1.21.4-232-12d8fe0]
	at SuperEnchants-3.2.0.1-all.jar/com.aznos.superenchants.listener.ArmorChange.onArmorChange(ArmorChange.java:61) ~[SuperEnchants-3.2.0.1-all.jar:?]
	at co.aikar.timings.TimedEventExecutor.execute(TimedEventExecutor.java:80) ~[paper-api-1.21.4-R0.1-SNAPSHOT.jar:?]
	at org.bukkit.plugin.RegisteredListener.callEvent(RegisteredListener.java:70) ~[paper-api-1.21.4-R0.1-SNAPSHOT.jar:?]
	at io.papermc.paper.plugin.manager.PaperEventManager.callEvent(PaperEventManager.java:54) ~[paper-1.21.4.jar:1.21.4-232-12d8fe0]
	at io.papermc.paper.plugin.manager.PaperPluginManagerImpl.callEvent(PaperPluginManagerImpl.java:131) ~[paper-1.21.4.jar:1.21.4-232-12d8fe0]
	at org.bukkit.plugin.SimplePluginManager.callEvent(SimplePluginManager.java:628) ~[paper-api-1.21.4-R0.1-SNAPSHOT.jar:?]
	at org.bukkit.event.Event.callEvent(Event.java:45) ~[paper-api-1.21.4-R0.1-SNAPSHOT.jar:?]
	at net.minecraft.world.entity.LivingEntity.collectEquipmentChanges(LivingEntity.java:3263) ~[paper-1.21.4.jar:1.21.4-232-12d8fe0]
	at net.minecraft.world.entity.LivingEntity.detectEquipmentUpdatesPublic(LivingEntity.java:3224) ~[paper-1.21.4.jar:1.21.4-232-12d8fe0]
	at net.minecraft.server.network.ServerGamePacketListenerImpl.handleContainerClick(ServerGamePacketListenerImpl.java:3288) ~[paper-1.21.4.jar:1.21.4-232-12d8fe0]
	at net.minecraft.network.protocol.game.ServerboundContainerClickPacket.handle(ServerboundContainerClickPacket.java:69) ~[paper-1.21.4.jar:1.21.4-232-12d8fe0]
	at net.minecraft.network.protocol.game.ServerboundContainerClickPacket.handle(ServerboundContainerClickPacket.java:14) ~[paper-1.21.4.jar:1.21.4-232-12d8fe0]
	at net.minecraft.network.protocol.PacketUtils.lambda$ensureRunningOnSameThread$0(PacketUtils.java:29) ~[paper-1.21.4.jar:1.21.4-232-12d8fe0]
	at net.minecraft.server.TickTask.run(TickTask.java:18) ~[paper-1.21.4.jar:1.21.4-232-12d8fe0]
	at net.minecraft.util.thread.BlockableEventLoop.doRunTask(BlockableEventLoop.java:155) ~[paper-1.21.4.jar:1.21.4-232-12d8fe0]
	at net.minecraft.util.thread.ReentrantBlockableEventLoop.doRunTask(ReentrantBlockableEventLoop.java:24) ~[paper-1.21.4.jar:1.21.4-232-12d8fe0]
	at net.minecraft.server.MinecraftServer.doRunTask(MinecraftServer.java:1448) ~[paper-1.21.4.jar:1.21.4-232-12d8fe0]
	at net.minecraft.server.MinecraftServer.doRunTask(MinecraftServer.java:176) ~[paper-1.21.4.jar:1.21.4-232-12d8fe0]
	at net.minecraft.util.thread.BlockableEventLoop.pollTask(BlockableEventLoop.java:129) ~[paper-1.21.4.jar:1.21.4-232-12d8fe0]
	at net.minecraft.server.MinecraftServer.pollTaskInternal(MinecraftServer.java:1428) ~[paper-1.21.4.jar:1.21.4-232-12d8fe0]
	at net.minecraft.server.MinecraftServer.pollTask(MinecraftServer.java:1422) ~[paper-1.21.4.jar:1.21.4-232-12d8fe0]
	at net.minecraft.util.thread.BlockableEventLoop.managedBlock(BlockableEventLoop.java:139) ~[paper-1.21.4.jar:1.21.4-232-12d8fe0]
	at net.minecraft.server.MinecraftServer.managedBlock(MinecraftServer.java:1379) ~[paper-1.21.4.jar:1.21.4-232-12d8fe0]
	at net.minecraft.server.MinecraftServer.waitUntilNextTick(MinecraftServer.java:1387) ~[paper-1.21.4.jar:1.21.4-232-12d8fe0]
	at net.minecraft.server.MinecraftServer.runServer(MinecraftServer.java:1264) ~[paper-1.21.4.jar:1.21.4-232-12d8fe0]
	at net.minecraft.server.MinecraftServer.lambda$spin$2(MinecraftServer.java:310) ~[paper-1.21.4.jar:1.21.4-232-12d8fe0]
	at java.base/java.lang.Thread.run(Thread.java:1583) ~[?:?]
[01:42:26] [Server thread/ERROR]: Could not pass event PlayerArmorChangeEvent to SuperEnchants v3.2.0.1
java.lang.IllegalArgumentException: Health value (-4.0) must be greater than 0
	at com.google.common.base.Preconditions.checkArgument(Preconditions.java:218) ~[guava-33.3.1-jre.jar:?]
	at org.bukkit.craftbukkit.entity.CraftPlayer.setHealthScale(CraftPlayer.java:2784) ~[paper-1.21.4.jar:1.21.4-232-12d8fe0]
	at SuperEnchants-3.2.0.1-all.jar/com.aznos.superenchants.listener.ArmorChange.onArmorChange(ArmorChange.java:61) ~[SuperEnchants-3.2.0.1-all.jar:?]
	at co.aikar.timings.TimedEventExecutor.execute(TimedEventExecutor.java:80) ~[paper-api-1.21.4-R0.1-SNAPSHOT.jar:?]
	at org.bukkit.plugin.RegisteredListener.callEvent(RegisteredListener.java:70) ~[paper-api-1.21.4-R0.1-SNAPSHOT.jar:?]
	at io.papermc.paper.plugin.manager.PaperEventManager.callEvent(PaperEventManager.java:54) ~[paper-1.21.4.jar:1.21.4-232-12d8fe0]
	at io.papermc.paper.plugin.manager.PaperPluginManagerImpl.callEvent(PaperPluginManagerImpl.java:131) ~[paper-1.21.4.jar:1.21.4-232-12d8fe0]
	at org.bukkit.plugin.SimplePluginManager.callEvent(SimplePluginManager.java:628) ~[paper-api-1.21.4-R0.1-SNAPSHOT.jar:?]
	at org.bukkit.event.Event.callEvent(Event.java:45) ~[paper-api-1.21.4-R0.1-SNAPSHOT.jar:?]
	at net.minecraft.world.entity.LivingEntity.collectEquipmentChanges(LivingEntity.java:3263) ~[paper-1.21.4.jar:1.21.4-232-12d8fe0]
	at net.minecraft.world.entity.LivingEntity.detectEquipmentUpdatesPublic(LivingEntity.java:3224) ~[paper-1.21.4.jar:1.21.4-232-12d8fe0]
	at net.minecraft.server.network.ServerGamePacketListenerImpl.handleContainerClick(ServerGamePacketListenerImpl.java:3288) ~[paper-1.21.4.jar:1.21.4-232-12d8fe0]
	at net.minecraft.network.protocol.game.ServerboundContainerClickPacket.handle(ServerboundContainerClickPacket.java:69) ~[paper-1.21.4.jar:1.21.4-232-12d8fe0]
	at net.minecraft.network.protocol.game.ServerboundContainerClickPacket.handle(ServerboundContainerClickPacket.java:14) ~[paper-1.21.4.jar:1.21.4-232-12d8fe0]
	at net.minecraft.network.protocol.PacketUtils.lambda$ensureRunningOnSameThread$0(PacketUtils.java:29) ~[paper-1.21.4.jar:1.21.4-232-12d8fe0]
	at net.minecraft.server.TickTask.run(TickTask.java:18) ~[paper-1.21.4.jar:1.21.4-232-12d8fe0]
	at net.minecraft.util.thread.BlockableEventLoop.doRunTask(BlockableEventLoop.java:155) ~[paper-1.21.4.jar:1.21.4-232-12d8fe0]
	at net.minecraft.util.thread.ReentrantBlockableEventLoop.doRunTask(ReentrantBlockableEventLoop.java:24) ~[paper-1.21.4.jar:1.21.4-232-12d8fe0]
	at net.minecraft.server.MinecraftServer.doRunTask(MinecraftServer.java:1448) ~[paper-1.21.4.jar:1.21.4-232-12d8fe0]
	at net.minecraft.server.MinecraftServer.doRunTask(MinecraftServer.java:176) ~[paper-1.21.4.jar:1.21.4-232-12d8fe0]
	at net.minecraft.util.thread.BlockableEventLoop.pollTask(BlockableEventLoop.java:129) ~[paper-1.21.4.jar:1.21.4-232-12d8fe0]
	at net.minecraft.server.MinecraftServer.pollTaskInternal(MinecraftServer.java:1428) ~[paper-1.21.4.jar:1.21.4-232-12d8fe0]
	at net.minecraft.server.MinecraftServer.pollTask(MinecraftServer.java:1422) ~[paper-1.21.4.jar:1.21.4-232-12d8fe0]
	at net.minecraft.util.thread.BlockableEventLoop.managedBlock(BlockableEventLoop.java:139) ~[paper-1.21.4.jar:1.21.4-232-12d8fe0]
	at net.minecraft.server.MinecraftServer.managedBlock(MinecraftServer.java:1379) ~[paper-1.21.4.jar:1.21.4-232-12d8fe0]
	at net.minecraft.server.MinecraftServer.waitUntilNextTick(MinecraftServer.java:1387) ~[paper-1.21.4.jar:1.21.4-232-12d8fe0]
	at net.minecraft.server.MinecraftServer.runServer(MinecraftServer.java:1264) ~[paper-1.21.4.jar:1.21.4-232-12d8fe0]
	at net.minecraft.server.MinecraftServer.lambda$spin$2(MinecraftServer.java:310) ~[paper-1.21.4.jar:1.21.4-232-12d8fe0]
	at java.base/java.lang.Thread.run(Thread.java:1583) ~[?:?]
[01:42:31] [Server thread/ERROR]: Could not pass event EntityDamageByEntityEvent to SuperEnchants v3.2.0.1
java.lang.IllegalArgumentException: Health value (43.5650520324707) must be between 0 and 20.799999237060547. (attribute base value: 20.0, player: DolphnXM)
	at com.google.common.base.Preconditions.checkArgument(Preconditions.java:483) ~[guava-33.3.1-jre.jar:?]
	at org.bukkit.craftbukkit.entity.CraftLivingEntity.setHealth(CraftLivingEntity.java:112) ~[paper-1.21.4.jar:1.21.4-232-12d8fe0]
	at SuperEnchants-3.2.0.1-all.jar/com.aznos.superenchants.listener.EntityDamage.onEntityDamage(EntityDamage.java:142) ~[SuperEnchants-3.2.0.1-all.jar:?]
	at co.aikar.timings.TimedEventExecutor.execute(TimedEventExecutor.java:80) ~[paper-api-1.21.4-R0.1-SNAPSHOT.jar:?]
	at org.bukkit.plugin.RegisteredListener.callEvent(RegisteredListener.java:70) ~[paper-api-1.21.4-R0.1-SNAPSHOT.jar:?]
	at io.papermc.paper.plugin.manager.PaperEventManager.callEvent(PaperEventManager.java:54) ~[paper-1.21.4.jar:1.21.4-232-12d8fe0]
	at io.papermc.paper.plugin.manager.PaperPluginManagerImpl.callEvent(PaperPluginManagerImpl.java:131) ~[paper-1.21.4.jar:1.21.4-232-12d8fe0]
	at org.bukkit.plugin.SimplePluginManager.callEvent(SimplePluginManager.java:628) ~[paper-api-1.21.4-R0.1-SNAPSHOT.jar:?]
	at org.bukkit.craftbukkit.event.CraftEventFactory.callEvent(CraftEventFactory.java:276) ~[paper-1.21.4.jar:1.21.4-232-12d8fe0]
	at org.bukkit.craftbukkit.event.CraftEventFactory.callEntityDamageEvent(CraftEventFactory.java:1209) ~[paper-1.21.4.jar:1.21.4-232-12d8fe0]
	at org.bukkit.craftbukkit.event.CraftEventFactory.callEntityDamageEvent(CraftEventFactory.java:1199) ~[paper-1.21.4.jar:1.21.4-232-12d8fe0]
	at org.bukkit.craftbukkit.event.CraftEventFactory.handleEntityDamageEvent(CraftEventFactory.java:1129) ~[paper-1.21.4.jar:1.21.4-232-12d8fe0]
	at org.bukkit.craftbukkit.event.CraftEventFactory.handleEntityDamageEvent(CraftEventFactory.java:1090) ~[paper-1.21.4.jar:1.21.4-232-12d8fe0]
	at org.bukkit.craftbukkit.event.CraftEventFactory.handleLivingEntityDamageEvent(CraftEventFactory.java:1253) ~[paper-1.21.4.jar:1.21.4-232-12d8fe0]
	at net.minecraft.world.entity.LivingEntity.handleEntityDamage(LivingEntity.java:2304) ~[paper-1.21.4.jar:1.21.4-232-12d8fe0]
	at net.minecraft.world.entity.LivingEntity.hurtServer(LivingEntity.java:1433) ~[paper-1.21.4.jar:1.21.4-232-12d8fe0]
	at net.minecraft.world.entity.Entity.hurtOrSimulate(Entity.java:2225) ~[paper-1.21.4.jar:1.21.4-232-12d8fe0]
	at net.minecraft.world.entity.player.Player.attack(Player.java:1291) ~[paper-1.21.4.jar:1.21.4-232-12d8fe0]
	at net.minecraft.server.level.ServerPlayer.attack(ServerPlayer.java:2445) ~[paper-1.21.4.jar:1.21.4-232-12d8fe0]
	at net.minecraft.server.network.ServerGamePacketListenerImpl$2.onAttack(ServerGamePacketListenerImpl.java:2834) ~[paper-1.21.4.jar:1.21.4-232-12d8fe0]
	at net.minecraft.network.protocol.game.ServerboundInteractPacket$1.dispatch(ServerboundInteractPacket.java:29) ~[paper-1.21.4.jar:1.21.4-232-12d8fe0]
	at net.minecraft.network.protocol.game.ServerboundInteractPacket.dispatch(ServerboundInteractPacket.java:91) ~[paper-1.21.4.jar:1.21.4-232-12d8fe0]
	at net.minecraft.server.network.ServerGamePacketListenerImpl.handleInteract(ServerGamePacketListenerImpl.java:2757) ~[paper-1.21.4.jar:1.21.4-232-12d8fe0]
	at net.minecraft.network.protocol.game.ServerboundInteractPacket.handle(ServerboundInteractPacket.java:78) ~[paper-1.21.4.jar:1.21.4-232-12d8fe0]
	at net.minecraft.network.protocol.game.ServerboundInteractPacket.handle(ServerboundInteractPacket.java:14) ~[paper-1.21.4.jar:1.21.4-232-12d8fe0]
	at net.minecraft.network.protocol.PacketUtils.lambda$ensureRunningOnSameThread$0(PacketUtils.java:29) ~[paper-1.21.4.jar:1.21.4-232-12d8fe0]
	at net.minecraft.server.TickTask.run(TickTask.java:18) ~[paper-1.21.4.jar:1.21.4-232-12d8fe0]
	at net.minecraft.util.thread.BlockableEventLoop.doRunTask(BlockableEventLoop.java:155) ~[paper-1.21.4.jar:1.21.4-232-12d8fe0]
	at net.minecraft.util.thread.ReentrantBlockableEventLoop.doRunTask(ReentrantBlockableEventLoop.java:24) ~[paper-1.21.4.jar:1.21.4-232-12d8fe0]
	at net.minecraft.server.MinecraftServer.doRunTask(MinecraftServer.java:1448) ~[paper-1.21.4.jar:1.21.4-232-12d8fe0]
	at net.minecraft.server.MinecraftServer.doRunTask(MinecraftServer.java:176) ~[paper-1.21.4.jar:1.21.4-232-12d8fe0]
	at net.minecraft.util.thread.BlockableEventLoop.pollTask(BlockableEventLoop.java:129) ~[paper-1.21.4.jar:1.21.4-232-12d8fe0]
	at net.minecraft.server.MinecraftServer.pollTaskInternal(MinecraftServer.java:1428) ~[paper-1.21.4.jar:1.21.4-232-12d8fe0]
	at net.minecraft.server.MinecraftServer.pollTask(MinecraftServer.java:1422) ~[paper-1.21.4.jar:1.21.4-232-12d8fe0]
	at net.minecraft.util.thread.BlockableEventLoop.runAllTasks(BlockableEventLoop.java:118) ~[paper-1.21.4.jar:1.21.4-232-12d8fe0]
	at net.minecraft.server.MinecraftServer.waitUntilNextTick(MinecraftServer.java:1383) ~[paper-1.21.4.jar:1.21.4-232-12d8fe0]
	at net.minecraft.server.MinecraftServer.runServer(MinecraftServer.java:1264) ~[paper-1.21.4.jar:1.21.4-232-12d8fe0]
	at net.minecraft.server.MinecraftServer.lambda$spin$2(MinecraftServer.java:310) ~[paper-1.21.4.jar:1.21.4-232-12d8fe0]
	at java.base/java.lang.Thread.run(Thread.java:1583) ~[?:?]
[01:42:43] [Server thread/ERROR]: Could not pass event PlayerInteractEvent to SuperEnchants v3.2.0.1
java.lang.NullPointerException: Cannot invoke "org.bukkit.block.Block.getLocation()" because the return value of "org.bukkit.entity.Player.getTargetBlockExact(int)" is null
	at SuperEnchants-3.2.0.1-all.jar/com.aznos.superenchants.listener.PlayerInteract.handleLightning(PlayerInteract.java:246) ~[SuperEnchants-3.2.0.1-all.jar:?]
	at SuperEnchants-3.2.0.1-all.jar/com.aznos.superenchants.listener.PlayerInteract.onPlayerInteract(PlayerInteract.java:85) ~[SuperEnchants-3.2.0.1-all.jar:?]
	at co.aikar.timings.TimedEventExecutor.execute(TimedEventExecutor.java:80) ~[paper-api-1.21.4-R0.1-SNAPSHOT.jar:?]
	at org.bukkit.plugin.RegisteredListener.callEvent(RegisteredListener.java:70) ~[paper-api-1.21.4-R0.1-SNAPSHOT.jar:?]
	at io.papermc.paper.plugin.manager.PaperEventManager.callEvent(PaperEventManager.java:54) ~[paper-1.21.4.jar:1.21.4-232-12d8fe0]
	at io.papermc.paper.plugin.manager.PaperPluginManagerImpl.callEvent(PaperPluginManagerImpl.java:131) ~[paper-1.21.4.jar:1.21.4-232-12d8fe0]
	at org.bukkit.plugin.SimplePluginManager.callEvent(SimplePluginManager.java:628) ~[paper-api-1.21.4-R0.1-SNAPSHOT.jar:?]
	at org.bukkit.craftbukkit.event.CraftEventFactory.callPlayerInteractEvent(CraftEventFactory.java:603) ~[paper-1.21.4.jar:1.21.4-232-12d8fe0]
	at org.bukkit.craftbukkit.event.CraftEventFactory.callPlayerInteractEvent(CraftEventFactory.java:559) ~[paper-1.21.4.jar:1.21.4-232-12d8fe0]
	at org.bukkit.craftbukkit.event.CraftEventFactory.callPlayerInteractEvent(CraftEventFactory.java:554) ~[paper-1.21.4.jar:1.21.4-232-12d8fe0]
	at org.bukkit.craftbukkit.event.CraftEventFactory.callPlayerInteractEvent(CraftEventFactory.java:550) ~[paper-1.21.4.jar:1.21.4-232-12d8fe0]
	at net.minecraft.server.network.ServerGamePacketListenerImpl.handleAnimate(ServerGamePacketListenerImpl.java:2560) ~[paper-1.21.4.jar:1.21.4-232-12d8fe0]
	at net.minecraft.network.protocol.game.ServerboundSwingPacket.handle(ServerboundSwingPacket.java:34) ~[paper-1.21.4.jar:1.21.4-232-12d8fe0]
	at net.minecraft.network.protocol.game.ServerboundSwingPacket.handle(ServerboundSwingPacket.java:9) ~[paper-1.21.4.jar:1.21.4-232-12d8fe0]
	at net.minecraft.network.protocol.PacketUtils.lambda$ensureRunningOnSameThread$0(PacketUtils.java:29) ~[paper-1.21.4.jar:1.21.4-232-12d8fe0]
	at net.minecraft.server.TickTask.run(TickTask.java:18) ~[paper-1.21.4.jar:1.21.4-232-12d8fe0]
	at net.minecraft.util.thread.BlockableEventLoop.doRunTask(BlockableEventLoop.java:155) ~[paper-1.21.4.jar:1.21.4-232-12d8fe0]
	at net.minecraft.util.thread.ReentrantBlockableEventLoop.doRunTask(ReentrantBlockableEventLoop.java:24) ~[paper-1.21.4.jar:1.21.4-232-12d8fe0]
	at net.minecraft.server.MinecraftServer.doRunTask(MinecraftServer.java:1448) ~[paper-1.21.4.jar:1.21.4-232-12d8fe0]
	at net.minecraft.server.MinecraftServer.doRunTask(MinecraftServer.java:176) ~[paper-1.21.4.jar:1.21.4-232-12d8fe0]
	at net.minecraft.util.thread.BlockableEventLoop.pollTask(BlockableEventLoop.java:129) ~[paper-1.21.4.jar:1.21.4-232-12d8fe0]
	at net.minecraft.server.MinecraftServer.pollTaskInternal(MinecraftServer.java:1428) ~[paper-1.21.4.jar:1.21.4-232-12d8fe0]
	at net.minecraft.server.MinecraftServer.pollTask(MinecraftServer.java:1422) ~[paper-1.21.4.jar:1.21.4-232-12d8fe0]
	at net.minecraft.util.thread.BlockableEventLoop.managedBlock(BlockableEventLoop.java:139) ~[paper-1.21.4.jar:1.21.4-232-12d8fe0]
	at net.minecraft.server.MinecraftServer.managedBlock(MinecraftServer.java:1379) ~[paper-1.21.4.jar:1.21.4-232-12d8fe0]
	at net.minecraft.server.MinecraftServer.waitUntilNextTick(MinecraftServer.java:1387) ~[paper-1.21.4.jar:1.21.4-232-12d8fe0]
	at net.minecraft.server.MinecraftServer.runServer(MinecraftServer.java:1264) ~[paper-1.21.4.jar:1.21.4-232-12d8fe0]
	at net.minecraft.server.MinecraftServer.lambda$spin$2(MinecraftServer.java:310) ~[paper-1.21.4.jar:1.21.4-232-12d8fe0]
	at java.base/java.lang.Thread.run(Thread.java:1583) ~[?:?]
[01:44:12] [Server thread/INFO]: DolphnXM issued server command: /skill rank
[01:44:31] [Server thread/INFO]: DolphnXM issued server command: /skill skill setall DolphnXM 10000000
[01:44:40] [Server thread/WARN]: Can't keep up! Is the server overloaded? Running 8563ms or 171 ticks behind
[01:44:40] [Server thread/WARN]: DolphnXM moved too quickly! -10.034023280262545,1.1661092609382138,2.0565126590067564
[01:44:49] [Server thread/INFO]: DolphnXM issued server command: /skill
[01:45:36] [Server thread/INFO]: DolphnXM issued server command: /mv tp hypixel
[01:45:44] [Server thread/INFO]: DolphnXM issued server command: /gamemode c
